timestamp_utc,timestamp_epoch_s,system_cpu_percent,system_memory_used_bytes,system_memory_percent,ollama_rss_bytes,ollama_cpu_percent_normalized,gpu_utilization_percent,gpu_memory_used_mib,gpu_memory_total_mib,gpu_power_watts
2026-09-10T15:37:14.965745+00:00,1789054634.9344423,0.0,17521098752,51.2,57536512,0.0,,,,
2026-09-10T15:37:15.493227+00:00,1789054635.471447,26.4,17594314752,51.4,61108224,0.9698859700258232,,,,
2026-09-10T15:37:16.025766+00:00,1789054636.005735,23.3,17574236160,51.4,61169664,0.0,,,,
2026-09-10T15:37:16.551440+00:00,1789054636.5312052,32.7,17617940480,51.5,61222912,0.0,,,,
2026-09-10T15:37:17.102633+00:00,1789054637.0668135,34.4,17614721024,51.5,61267968,0.0,,,,
2026-09-10T15:37:17.633881+00:00,1789054637.6078799,22.8,17615622144,51.5,61341696,0.0,,,,
2026-09-10T15:37:18.179227+00:00,1789054638.1477072,23.9,17698205696,51.7,61407232,0.0,,,,
2026-09-10T15:37:18.712138+00:00,1789054638.6911392,24.1,17925537792,52.4,61460480,0.0,,,,
2026-09-10T15:37:19.240947+00:00,1789054639.215802,16.7,18119229440,53.0,61464576,0.0,,,,
2026-09-10T15:37:19.771333+00:00,1789054639.7523077,21.8,18346098688,53.6,61554688,0.0,,,,
2026-09-10T15:37:20.296333+00:00,1789054640.2728753,20.2,18615336960,54.4,61616128,0.0,,,,
2026-09-10T15:37:20.815573+00:00,1789054640.7968986,23.6,18999013376,55.5,61681664,0.0,,,,
2026-09-10T15:37:21.340918+00:00,1789054641.3189795,27.6,19386011648,56.7,61706240,0.0,,,,
2026-09-10T15:37:21.870515+00:00,1789054641.8508239,40.1,19798777856,57.9,61399040,0.0,,,,
2026-09-10T15:37:22.395366+00:00,1789054642.375686,41.7,20186894336,59.0,61456384,0.0,,,,
2026-09-10T15:37:22.915311+00:00,1789054642.9003448,25.9,20577492992,60.2,61472768,0.0,,,,
2026-09-10T15:37:23.447967+00:00,1789054643.4254372,39.2,20954820608,61.3,61489152,0.0,,,,
2026-09-10T15:37:23.970293+00:00,1789054643.9502673,30.0,17563095040,51.3,61526016,0.0,,,,
2026-09-10T15:37:24.501491+00:00,1789054644.4715638,33.2,18876825600,55.2,61816832,0.0,,,,
2026-09-10T15:37:25.025610+00:00,1789054645.005455,36.2,19034603520,55.6,61841408,0.0,,,,
2026-09-10T15:37:25.556761+00:00,1789054645.5318074,34.5,19195441152,56.1,61845504,0.0,,,,
2026-09-10T15:37:26.081936+00:00,1789054646.0606964,31.0,19357306880,56.6,61849600,0.0,,,,
2026-09-10T15:37:26.605654+00:00,1789054646.585544,38.6,19475206144,56.9,61890560,0.0,,,,
2026-09-10T15:37:27.152693+00:00,1789054647.1118157,43.3,19710070784,57.6,61906944,0.0,,,,
2026-09-10T15:37:27.682106+00:00,1789054647.6554997,34.8,19955441664,58.3,61919232,0.0,,,,
2026-09-10T15:37:28.210554+00:00,1789054648.1854875,33.3,20213411840,59.1,61943808,0.0,,,,
2026-09-10T15:37:28.735576+00:00,1789054648.7164187,34.2,20428406784,59.7,61964288,0.0,,,,
2026-09-10T15:37:29.260529+00:00,1789054649.2405236,41.5,20621451264,60.3,61984768,0.0,,,,
2026-09-10T15:37:29.790568+00:00,1789054649.7655292,43.0,20691632128,60.5,61984768,0.0,,,,
2026-09-10T15:37:30.315448+00:00,1789054650.2954504,32.4,20864925696,61.0,61992960,0.0,,,,
2026-09-10T15:37:30.840410+00:00,1789054650.8205137,28.4,21096189952,61.7,62013440,0.0,,,,
2026-09-10T15:37:31.381525+00:00,1789054651.357955,12.7,21256921088,62.1,62074880,0.0,,,,
2026-09-10T15:37:31.929026+00:00,1789054651.8942378,24.0,21417406464,62.6,62115840,0.48559580403020214,,,,
2026-09-10T15:37:32.457562+00:00,1789054652.4345615,9.5,21562482688,63.0,62144512,0.0,,,,
2026-09-10T15:37:32.985111+00:00,1789054652.9619205,10.3,21696557056,63.4,62193664,0.0,,,,
2026-09-10T15:37:33.514991+00:00,1789054653.4916627,23.3,21847388160,63.9,62210048,0.0,,,,
2026-09-10T15:37:34.040315+00:00,1789054654.0202491,39.9,22045061120,64.4,62218240,0.0,,,,
2026-09-10T15:37:34.565374+00:00,1789054654.5452602,29.9,22238547968,65.0,62242816,0.0,,,,
2026-09-10T15:37:35.103865+00:00,1789054655.0808668,26.3,22474391552,65.7,62263296,0.0,,,,
2026-09-10T15:37:35.629403+00:00,1789054655.6067054,12.4,22703067136,66.4,62267392,0.0,,,,
2026-09-10T15:37:36.157534+00:00,1789054656.135026,16.5,22868320256,66.8,62279680,0.0,,,,
2026-09-10T15:37:36.682995+00:00,1789054656.6604226,5.5,23064961024,67.4,62300160,0.0,,,,
2026-09-10T15:37:37.216171+00:00,1789054657.1874027,26.9,23279050752,68.1,62328832,0.0,,,,
2026-09-10T15:37:37.754279+00:00,1789054657.7272806,22.3,23403241472,68.4,62353408,0.0,,,,
2026-09-10T15:37:38.280384+00:00,1789054658.255386,24.6,23420203008,68.5,62382080,0.0,,,,
2026-09-10T15:37:38.826846+00:00,1789054658.790392,19.7,23568916480,68.9,62410752,0.0,,,,
2026-09-10T15:37:39.349964+00:00,1789054659.3300812,29.2,23691186176,69.3,62414848,0.0,,,,
2026-09-10T15:37:39.877410+00:00,1789054659.855012,23.5,24101294080,70.5,62447616,0.2480486080800199,,,,
2026-09-10T15:37:40.410364+00:00,1789054660.3853362,70.6,25565569024,74.7,62488576,0.0,,,,
2026-09-10T15:37:40.950290+00:00,1789054660.915406,57.5,26765201408,78.2,62496768,0.0,,,,
2026-09-10T15:37:41.475157+00:00,1789054661.455081,32.4,27004989440,78.9,62496768,0.0,,,,
2026-09-10T15:37:42.023910+00:00,1789054661.9903007,76.7,27087429632,79.2,62496768,0.24328017222050474,,,,
2026-09-10T15:37:42.545118+00:00,1789054662.5250711,62.0,27022016512,79.0,71634944,0.7304535463822843,,,,
2026-09-10T15:37:43.075253+00:00,1789054663.0502431,53.4,26955522048,78.8,71634944,0.0,,,,
2026-09-10T15:37:43.605188+00:00,1789054663.580089,42.4,26945318912,78.8,71634944,0.0,,,,
2026-09-10T15:37:44.135138+00:00,1789054664.1071584,45.5,26928320512,78.7,71634944,0.0,,,,
2026-09-10T15:37:44.665122+00:00,1789054664.6401649,44.4,26928775168,78.7,71634944,0.0,,,,
2026-09-10T15:37:45.195417+00:00,1789054665.170304,52.7,26953146368,78.8,71634944,0.0,,,,
2026-09-10T15:37:45.727373+00:00,1789054665.700321,51.7,26971926528,78.8,71663616,0.0,,,,
2026-09-10T15:37:46.254690+00:00,1789054666.2299943,39.6,26983305216,78.9,71663616,0.0,,,,
2026-09-10T15:37:46.780018+00:00,1789054666.755149,31.6,26981335040,78.9,71663616,0.0,,,,
2026-09-10T15:37:47.310106+00:00,1789054667.28498,42.7,27020759040,79.0,71663616,0.0,,,,
2026-09-10T15:37:47.839670+00:00,1789054667.8149676,30.3,27020435456,79.0,71663616,0.0,,,,
2026-09-10T15:37:48.366151+00:00,1789054668.3409944,41.2,27030863872,79.0,71663616,0.0,,,,
2026-09-10T15:37:48.895384+00:00,1789054668.8702598,50.5,27031691264,79.0,71663616,0.0,,,,
2026-09-10T15:37:49.455906+00:00,1789054669.4053335,52.4,26981101568,78.9,71663616,0.0,,,,
2026-09-10T15:37:50.011542+00:00,1789054669.9628215,85.1,26981756928,78.9,71663616,0.0,,,,
2026-09-10T15:37:50.557184+00:00,1789054670.5176628,64.9,26996899840,78.9,71663616,0.0,,,,
2026-09-10T15:37:51.101860+00:00,1789054671.0604067,64.5,27014864896,79.0,71671808,0.0,,,,
2026-09-10T15:37:51.642948+00:00,1789054671.6165414,67.3,27014107136,79.0,71680000,0.2341309275465954,,,,
2026-09-10T15:37:52.174669+00:00,1789054672.144761,76.9,27032403968,79.0,71680000,0.0,,,,
2026-09-10T15:37:52.733439+00:00,1789054672.6798563,84.0,27038027776,79.0,71688192,0.0,,,,
2026-09-10T15:37:53.269638+00:00,1789054673.2398822,78.7,27013140480,79.0,71688192,0.23250411501347357,,,,
2026-09-10T15:37:53.800068+00:00,1789054673.7747018,74.4,27006423040,78.9,71688192,0.0,,,,
2026-09-10T15:37:54.329646+00:00,1789054674.3046248,76.4,26991939584,78.9,71688192,0.0,,,,
2026-09-10T15:37:54.869871+00:00,1789054674.840068,77.0,27012730880,79.0,71688192,0.4863571245797363,,,,
2026-09-10T15:37:55.399976+00:00,1789054675.3748434,79.9,27030503424,79.0,71688192,0.0,,,,
2026-09-10T15:37:55.939461+00:00,1789054675.9049141,76.5,26913542144,78.7,71688192,0.0,,,,
2026-09-10T15:37:56.466014+00:00,1789054676.4403565,71.0,26925252608,78.7,71688192,0.2431789954142711,,,,
2026-09-10T15:37:57.006168+00:00,1789054676.9808862,71.1,26926407680,78.7,71688192,0.0,,,,
2026-09-10T15:37:57.538507+00:00,1789054677.5116212,73.8,26968424448,78.8,71688192,0.0,,,,
2026-09-10T15:37:58.072898+00:00,1789054678.0443652,61.7,26974752768,78.9,71708672,0.0,,,,
2026-09-10T15:37:58.626290+00:00,1789054678.58655,60.8,26975612928,78.9,71708672,0.0,,,,
2026-09-10T15:37:59.177299+00:00,1789054679.1327806,70.6,26962317312,78.8,71708672,0.0,,,,
2026-09-10T15:37:59.729578+00:00,1789054679.687577,64.5,26915504128,78.7,71708672,0.0,,,,
2026-09-10T15:38:00.281138+00:00,1789054680.243033,56.7,26931609600,78.7,71663616,0.0,,,,
2026-09-10T15:38:00.822388+00:00,1789054680.7877722,59.5,26955939840,78.8,71671808,0.0,,,,
2026-09-10T15:38:01.349677+00:00,1789054681.3247466,66.6,26923081728,78.7,71671808,0.0,,,,
2026-09-10T15:38:01.900193+00:00,1789054681.8528423,77.2,26958348288,78.8,71671808,0.49312398438400584,,,,
2026-09-10T15:38:02.450448+00:00,1789054682.4052205,75.9,26945851392,78.8,71671808,0.23572316685096925,,,,
2026-09-10T15:38:02.997541+00:00,1789054682.955318,70.1,26947284992,78.8,71671808,0.0,,,,
2026-09-10T15:38:03.526508+00:00,1789054683.501509,56.8,26959618048,78.8,71671808,0.0,,,,
2026-09-10T15:38:04.058599+00:00,1789054684.0296042,67.5,26944036864,78.8,71671808,0.0,,,,
2026-09-10T15:38:04.599309+00:00,1789054684.5743086,44.7,27003371520,78.9,72261632,0.2390440107102922,,,,
2026-09-10T15:38:05.125671+00:00,1789054685.10005,27.1,27007881216,79.0,72261632,0.0,,,,
2026-09-10T15:38:05.650061+00:00,1789054685.629429,31.1,27006140416,78.9,72261632,0.0,,,,
2026-09-10T15:38:06.174240+00:00,1789054686.154221,35.8,27022782464,79.0,72261632,0.0,,,,
2026-09-10T15:38:06.699221+00:00,1789054686.6793494,27.7,27022303232,79.0,72261632,0.0,,,,
2026-09-10T15:38:07.236420+00:00,1789054687.2143984,32.3,27047870464,79.1,72261632,0.0,,,,
2026-09-10T15:38:07.764066+00:00,1789054687.7430627,9.8,27057586176,79.1,72261632,0.0,,,,
2026-09-10T15:38:08.289589+00:00,1789054688.270045,6.5,27063885824,79.1,72261632,0.0,,,,
2026-09-10T15:38:08.815975+00:00,1789054688.7949793,4.3,27063238656,79.1,72261632,0.0,,,,
2026-09-10T15:38:09.343828+00:00,1789054689.3218286,20.2,27011874816,79.0,72261632,0.0,,,,
2026-09-10T15:38:09.896565+00:00,1789054689.8516705,57.3,27028041728,79.0,72286208,0.0,,,,
2026-09-10T15:38:10.446826+00:00,1789054690.4068289,72.6,27012497408,79.0,72286208,0.0,,,,
2026-09-10T15:38:10.982384+00:00,1789054690.9537444,61.8,27029192704,79.0,72294400,0.0,,,,
2026-09-10T15:38:11.532867+00:00,1789054691.496351,69.3,27098546176,79.2,72294400,0.0,,,,
2026-09-10T15:38:12.099005+00:00,1789054692.0528262,89.6,27098714112,79.2,72294400,0.0,,,,
2026-09-10T15:38:12.640909+00:00,1789054692.608527,70.8,27114582016,79.3,72294400,0.0,,,,
2026-09-10T15:38:13.179204+00:00,1789054693.145671,84.2,27123441664,79.3,72294400,0.24240863995052403,,,,
2026-09-10T15:38:13.724117+00:00,1789054693.6944838,87.2,27108466688,79.2,72294400,0.0,,,,
2026-09-10T15:38:14.269163+00:00,1789054694.224412,86.5,27075768320,79.1,72294400,0.7371281516007703,,,,
2026-09-10T15:38:14.804126+00:00,1789054694.774118,87.8,27109322752,79.2,72294400,0.0,,,,
2026-09-10T15:38:15.334140+00:00,1789054695.3045628,85.8,27088121856,79.2,72294400,0.24547006303504615,,,,
2026-09-10T15:38:15.864607+00:00,1789054695.8390853,84.8,27127738368,79.3,72294400,0.0,,,,
2026-09-10T15:38:16.395672+00:00,1789054696.370009,80.0,27091202048,79.2,72294400,0.2452487177357005,,,,
2026-09-10T15:38:16.930766+00:00,1789054696.8996885,73.8,27105943552,79.2,72294400,0.0,,,,
2026-09-10T15:38:17.494068+00:00,1789054697.434022,82.7,27137839104,79.3,72310784,0.0,,,,
2026-09-10T15:38:18.043467+00:00,1789054698.002458,81.8,27096485888,79.2,72318976,0.0,,,,
2026-09-10T15:38:18.591821+00:00,1789054698.5453002,80.1,27113172992,79.3,72318976,0.0,,,,
2026-09-10T15:38:19.150657+00:00,1789054699.0953465,78.3,27109748736,79.2,72351744,0.0,,,,
2026-09-10T15:38:19.733049+00:00,1789054699.6544628,95.1,27084673024,79.2,72351744,0.0,,,,
2026-09-10T15:38:20.285147+00:00,1789054700.2343113,87.7,27063635968,79.1,72359936,0.0,,,,
2026-09-10T15:38:20.819340+00:00,1789054700.7894924,86.5,27079589888,79.2,72359936,0.0,,,,
2026-09-10T15:38:21.363972+00:00,1789054701.3245807,86.9,27067629568,79.1,72368128,0.24333989953020727,,,,
2026-09-10T15:38:21.914687+00:00,1789054701.8658621,82.9,27108118528,79.2,72368128,0.4811113719675984,,,,
2026-09-10T15:38:22.449314+00:00,1789054702.4193456,82.9,27093282816,79.2,72368128,0.0,,,,
2026-09-10T15:38:23.010120+00:00,1789054702.952688,94.0,27113467904,79.3,72368128,0.24413649232603188,,,,
2026-09-10T15:38:23.570294+00:00,1789054703.5249605,82.7,27107516416,79.2,72368128,0.0,,,,
2026-09-10T15:38:24.103924+00:00,1789054704.0739589,90.8,27071893504,79.1,72368128,0.0,,,,
2026-09-10T15:38:24.658841+00:00,1789054704.6140964,86.0,27086675968,79.2,72376320,0.0,,,,
2026-09-10T15:38:25.197954+00:00,1789054705.166023,65.5,27139637248,79.3,72929280,0.0,,,,
2026-09-10T15:38:25.736017+00:00,1789054705.7090116,28.2,27140055040,79.3,72929280,0.0,,,,
2026-09-10T15:38:26.267286+00:00,1789054706.2372866,26.8,27126054912,79.3,72929280,0.0,,,,
2026-09-10T15:38:26.791842+00:00,1789054706.7708423,21.7,27138715648,79.3,72929280,0.0,,,,
2026-09-10T15:38:27.322995+00:00,1789054707.3012624,31.0,27154096128,79.4,72929280,0.0,,,,
2026-09-10T15:38:27.847810+00:00,1789054707.823811,10.7,27165638656,79.4,72929280,0.0,,,,
2026-09-10T15:38:28.371550+00:00,1789054708.3495536,17.8,27167272960,79.4,72929280,0.0,,,,
2026-09-10T15:38:28.896381+00:00,1789054708.8748152,6.9,27160723456,79.4,72929280,0.0,,,,
2026-09-10T15:38:29.435650+00:00,1789054709.412648,14.2,27120685056,79.3,72929280,0.0,,,,
2026-09-10T15:38:29.964696+00:00,1789054709.9431822,27.3,27102179328,79.2,72929280,0.0,,,,
2026-09-10T15:38:30.517114+00:00,1789054710.4653897,46.6,27107393536,79.2,72929280,0.0,,,,
2026-09-10T15:38:31.070834+00:00,1789054711.025687,61.5,27127029760,79.3,72937472,0.0,,,,
2026-09-10T15:38:31.607752+00:00,1789054711.5828598,61.0,27113701376,79.3,72937472,0.0,,,,
2026-09-10T15:38:32.156806+00:00,1789054712.1232443,71.9,27145678848,79.4,72937472,0.0,,,,
2026-09-10T15:38:32.708806+00:00,1789054712.66328,71.8,27149488128,79.4,72937472,0.0,,,,
2026-09-10T15:38:33.254551+00:00,1789054713.2145007,73.3,27154178048,79.4,72945664,0.0,,,,
2026-09-10T15:38:33.804551+00:00,1789054713.75967,72.0,27154026496,79.4,72945664,0.238840155817545,,,,
2026-09-10T15:38:34.334457+00:00,1789054714.3088763,77.0,27131555840,79.3,72945664,0.0,,,,
2026-09-10T15:38:34.866996+00:00,1789054714.8390725,78.6,27134296064,79.3,72945664,0.0,,,,
2026-09-10T15:38:35.409065+00:00,1789054715.369418,79.9,27137208320,79.3,72945664,0.0,,,,
2026-09-10T15:38:35.949557+00:00,1789054715.9095485,71.2,27137179648,79.3,72945664,0.0,,,,
2026-09-10T15:38:36.494330+00:00,1789054716.454723,79.0,27140485120,79.3,72945664,0.0,,,,
2026-09-10T15:38:37.040533+00:00,1789054716.9987185,74.9,27158872064,79.4,72945664,0.0,,,,
2026-09-10T15:38:37.568603+00:00,1789054717.5442057,85.1,27197394944,79.5,72945664,0.0,,,,
2026-09-10T15:38:38.118667+00:00,1789054718.0737498,86.4,27214614528,79.6,72945664,0.0,,,,
2026-09-10T15:38:38.699162+00:00,1789054718.6347935,90.4,27190140928,79.5,72945664,0.2320823212311695,,,,
2026-09-10T15:38:39.228499+00:00,1789054719.2040424,82.9,27195146240,79.5,72945664,0.0,,,,
2026-09-10T15:38:39.783465+00:00,1789054719.7345512,84.1,27150368768,79.4,72945664,0.0,,,,
2026-09-10T15:38:40.324269+00:00,1789054720.2841156,78.4,27154395136,79.4,72945664,0.47386017885445225,,,,
2026-09-10T15:38:40.871137+00:00,1789054720.829392,74.8,27157217280,79.4,72945664,0.0,,,,
2026-09-10T15:38:41.399218+00:00,1789054721.3740163,76.3,27161632768,79.4,72945664,0.0,,,,
2026-09-10T15:38:41.928789+00:00,1789054721.903875,79.2,27191091200,79.5,72945664,0.0,,,,
2026-09-10T15:38:42.463926+00:00,1789054722.4346974,73.6,27192717312,79.5,72945664,0.0,,,,
2026-09-10T15:38:43.020807+00:00,1789054722.9693446,77.1,27194626048,79.5,72945664,0.48708130116468146,,,,
2026-09-10T15:38:43.568772+00:00,1789054723.5282466,63.9,27202994176,79.5,72945664,0.0,,,,
2026-09-10T15:38:44.118624+00:00,1789054724.0780177,62.6,27203477504,79.5,72945664,0.0,,,,
2026-09-10T15:38:44.673660+00:00,1789054724.62766,68.2,27216875520,79.6,72953856,0.0,,,,
2026-09-10T15:38:45.231063+00:00,1789054725.1839867,69.6,27254177792,79.7,72953856,0.0,,,,
2026-09-10T15:38:45.761495+00:00,1789054725.7336934,64.0,27242586112,79.6,72953856,0.23686874097411403,,,,
2026-09-10T15:38:46.297417+00:00,1789054726.2684393,64.2,27230515200,79.6,72953856,0.24349569698934156,,,,
2026-09-10T15:38:46.829449+00:00,1789054726.8001397,63.2,27230416896,79.6,72962048,0.244890430813745,,,,
2026-09-10T15:38:47.381797+00:00,1789054727.3457952,79.0,27275567104,79.7,72986624,0.0,,,,
2026-09-10T15:38:47.913127+00:00,1789054727.8844628,64.3,27272773632,79.7,72986624,0.0,,,,
2026-09-10T15:38:48.468686+00:00,1789054728.4294775,70.0,27277475840,79.7,72986624,0.23890796429387487,,,,
2026-09-10T15:38:49.001651+00:00,1789054728.974252,74.0,27329433600,79.9,73461760,0.2390132533899356,,,,
2026-09-10T15:38:49.528790+00:00,1789054729.503267,31.1,27296133120,79.8,73461760,0.0,,,,
2026-09-10T15:38:50.058145+00:00,1789054730.0336835,18.7,27307995136,79.8,73461760,0.0,,,,
2026-09-10T15:38:50.577014+00:00,1789054730.559871,23.0,27291734016,79.8,73461760,0.0,,,,
2026-09-10T15:38:51.099396+00:00,1789054731.083771,17.4,27308527616,79.8,73461760,0.0,,,,
2026-09-10T15:38:51.634801+00:00,1789054731.6191778,5.7,27301244928,79.8,73461760,0.0,,,,
2026-09-10T15:38:52.175945+00:00,1789054732.1491225,14.4,27321503744,79.9,73469952,0.0,,,,
2026-09-10T15:38:52.711238+00:00,1789054732.6880162,12.0,27320893440,79.9,73469952,0.0,,,,
2026-09-10T15:38:53.245621+00:00,1789054733.2134342,29.2,27337572352,79.9,73469952,0.0,,,,
2026-09-10T15:38:53.768351+00:00,1789054733.748273,28.8,27332161536,79.9,73469952,0.0,,,,
2026-09-10T15:38:54.310396+00:00,1789054734.2730918,53.9,27306336256,79.8,73469952,0.0,,,,
2026-09-10T15:38:54.863963+00:00,1789054734.8304462,54.6,27306270720,79.8,73469952,0.0,,,,
2026-09-10T15:38:55.398642+00:00,1789054735.3744886,69.0,27315871744,79.9,73469952,0.23933492237464535,,,,
2026-09-10T15:38:55.939969+00:00,1789054735.9137826,58.0,27306541056,79.8,73469952,0.2414422045512386,,,,
2026-09-10T15:38:56.475682+00:00,1789054736.443965,61.5,27308351488,79.8,73469952,0.24559159784136017,,,,
2026-09-10T15:38:57.029124+00:00,1789054736.9886017,57.8,27307724800,79.8,73469952,0.2390737293809123,,,,
2026-09-10T15:38:57.562621+00:00,1789054737.5334277,68.9,27349282816,79.9,73469952,0.0,,,,
2026-09-10T15:38:58.100815+00:00,1789054738.0638225,52.9,27347410944,79.9,73469952,0.0,,,,
2026-09-10T15:38:58.652236+00:00,1789054738.6092367,56.5,27347423232,79.9,73469952,0.0,,,,
2026-09-10T15:38:59.179012+00:00,1789054739.1621642,53.7,27356262400,80.0,73469952,0.0,,,,
2026-09-10T15:38:59.718529+00:00,1789054739.695521,68.4,27307606016,79.8,73478144,0.24412983523173187,,,,
2026-09-10T15:39:00.257954+00:00,1789054740.2228606,65.9,27310272512,79.8,73478144,0.0,,,,
2026-09-10T15:39:00.791611+00:00,1789054740.7585142,59.1,27309977600,79.8,73486336,0.24308309602168046,,,,
2026-09-10T15:39:01.346626+00:00,1789054741.3071167,55.3,27310497792,79.8,73486336,0.0,,,,
2026-09-10T15:39:01.900288+00:00,1789054741.851551,62.5,27320205312,79.9,73486336,0.0,,,,
2026-09-10T15:39:02.445533+00:00,1789054742.4115345,62.7,27336810496,79.9,73486336,0.0,,,,
2026-09-10T15:39:02.995380+00:00,1789054742.9586391,59.0,27196076032,79.5,73486336,0.4759906388120338,,,,
2026-09-10T15:39:03.531952+00:00,1789054743.5081012,67.3,27153862656,79.4,73486336,0.0,,,,
2026-09-10T15:39:04.069797+00:00,1789054744.03461,56.0,27118526464,79.3,73486336,0.0,,,,
2026-09-10T15:39:04.614619+00:00,1789054744.5770943,54.6,27131211776,79.3,73486336,0.0,,,,
2026-09-10T15:39:05.147450+00:00,1789054745.1224518,50.0,27131691008,79.3,73486336,0.0,,,,
2026-09-10T15:39:05.673933+00:00,1789054745.6497588,61.1,27129597952,79.3,73486336,0.0,,,,
2026-09-10T15:39:06.202385+00:00,1789054746.179872,60.2,27112939520,79.3,73494528,0.0,,,,
2026-09-10T15:39:06.737825+00:00,1789054746.7108972,55.9,27125919744,79.3,73502720,0.0,,,,
2026-09-10T15:39:07.287136+00:00,1789054747.2439852,70.1,27172159488,79.4,73502720,0.24425299565475947,,,,
2026-09-10T15:39:07.830011+00:00,1789054747.7907581,57.5,27172380672,79.4,73502720,0.23813967333701938,,,,
2026-09-10T15:39:08.381205+00:00,1789054748.3475919,64.8,27176988672,79.4,73502720,0.46767400404476356,,,,
2026-09-10T15:39:08.931136+00:00,1789054748.8998818,54.2,27176517632,79.4,73502720,0.2357608178874311,,,,
2026-09-10T15:39:09.491928+00:00,1789054749.4492652,61.2,27136667648,79.3,73502720,0.0,,,,
2026-09-10T15:39:10.024925+00:00,1789054749.9987226,51.7,27144388608,79.3,73502720,0.0,,,,
2026-09-10T15:39:10.555169+00:00,1789054750.5261655,61.1,27128967168,79.3,73502720,0.49373429958678683,,,,
2026-09-10T15:39:11.084250+00:00,1789054751.058504,55.4,27128635392,79.3,73609216,0.0,,,,
2026-09-10T15:39:11.607321+00:00,1789054751.5857782,23.6,27239428096,79.6,73895936,0.0,,,,
2026-09-10T15:39:12.135433+00:00,1789054752.1157055,19.0,27280560128,79.7,73895936,0.0,,,,
2026-09-10T15:39:12.668087+00:00,1789054752.6460845,13.1,27264598016,79.7,73895936,0.0,,,,
2026-09-10T15:39:13.191717+00:00,1789054753.1756067,15.4,27279466496,79.7,73895936,0.0,,,,
2026-09-10T15:39:13.728199+00:00,1789054753.7070372,14.0,27271524352,79.7,73895936,0.0,,,,
2026-09-10T15:39:14.252842+00:00,1789054754.2326076,11.3,27249225728,79.7,73895936,0.0,,,,
2026-09-10T15:39:14.772470+00:00,1789054754.7577465,9.3,27241488384,79.6,73895936,0.0,,,,
2026-09-10T15:39:15.309418+00:00,1789054755.2914145,2.4,27248922624,79.7,73895936,0.0,,,,
2026-09-10T15:39:15.837572+00:00,1789054755.818026,10.0,27247874048,79.7,73895936,0.0,,,,
2026-09-10T15:39:16.388890+00:00,1789054756.351893,24.3,27254403072,79.7,73867264,0.0,,,,
2026-09-10T15:39:16.925665+00:00,1789054756.9036653,53.2,27242438656,79.6,73867264,0.0,,,,
2026-09-10T15:39:17.457286+00:00,1789054757.4334173,65.8,27295563776,79.8,73867264,0.0,,,,
2026-09-10T15:39:18.010769+00:00,1789054757.9652321,53.5,27247214592,79.7,73867264,0.0,,,,
2026-09-10T15:39:18.563904+00:00,1789054758.5247376,55.1,27250798592,79.7,73875456,0.2327203968973644,,,,
2026-09-10T15:39:19.087984+00:00,1789054759.0684066,59.4,27241725952,79.6,73875456,0.0,,,,
2026-09-10T15:39:19.641256+00:00,1789054759.6200733,62.2,27204755456,79.5,73842688,0.23602716041059277,,,,
2026-09-10T15:39:20.189622+00:00,1789054760.1559317,56.9,27204083712,79.5,73842688,0.48598038251674897,,,,
2026-09-10T15:39:20.752965+00:00,1789054760.6946244,64.6,27219144704,79.6,73842688,0.4834234072350934,,,,
2026-09-10T15:39:21.294391+00:00,1789054761.2603893,57.1,27212476416,79.5,73842688,0.23014565309307386,,,,
2026-09-10T15:39:21.856410+00:00,1789054761.806754,61.6,27241070592,79.6,73842688,0.23831758028527125,,,,
2026-09-10T15:39:22.411078+00:00,1789054762.3685572,64.1,27226095616,79.6,73842688,0.0,,,,
2026-09-10T15:39:22.947009+00:00,1789054762.9130058,57.1,27235291136,79.6,73850880,0.0,,,,
2026-09-10T15:39:23.493473+00:00,1789054763.4599547,52.9,27240296448,79.6,73850880,0.0,,,,
2026-09-10T15:39:24.028720+00:00,1789054764.006139,55.7,27210510336,79.5,73850880,0.0,,,,
2026-09-10T15:39:24.592586+00:00,1789054764.5403955,55.9,27213430784,79.6,73859072,0.0,,,,
2026-09-10T15:39:25.144128+00:00,1789054765.104131,53.1,27202363392,79.5,73859072,0.0,,,,
2026-09-10T15:39:25.681699+00:00,1789054765.655185,54.0,27213377536,79.6,73859072,0.0,,,,
2026-09-10T15:39:26.212158+00:00,1789054766.1861606,57.8,27207155712,79.5,73867264,0.0,,,,
2026-09-10T15:39:26.744894+00:00,1789054766.7167957,56.4,27209981952,79.5,73875456,0.0,,,,
2026-09-10T15:39:27.283259+00:00,1789054767.2522943,71.9,27242180608,79.6,73875456,0.24315344371407388,,,,
2026-09-10T15:39:27.825812+00:00,1789054767.792263,58.1,27240853504,79.6,73875456,0.0,,,,
2026-09-10T15:39:28.350240+00:00,1789054768.334618,52.8,27306639360,79.8,74207232,0.48015900578013676,,,,
2026-09-10T15:39:28.878038+00:00,1789054768.8573997,20.3,27306864640,79.8,74207232,0.0,,,,
2026-09-10T15:39:29.416601+00:00,1789054769.391599,17.4,27268960256,79.7,74207232,0.0,,,,
2026-09-10T15:39:29.947537+00:00,1789054769.9255376,11.8,27273945088,79.7,74207232,0.0,,,,
2026-09-10T15:39:30.491595+00:00,1789054770.4600425,11.0,27272949760,79.7,74207232,0.0,,,,
2026-09-10T15:39:31.028894+00:00,1789054771.0048962,9.8,27276046336,79.7,74207232,0.0,,,,
2026-09-10T15:39:31.555223+00:00,1789054771.5292237,4.3,27279085568,79.7,74207232,0.0,,,,
2026-09-10T15:39:32.084319+00:00,1789054772.0604997,13.2,27304329216,79.8,74207232,0.0,,,,
2026-09-10T15:39:32.609336+00:00,1789054772.5891528,2.4,27304546304,79.8,74207232,0.0,,,,
2026-09-10T15:39:33.134223+00:00,1789054773.118597,15.2,27303448576,79.8,74207232,0.0,,,,
2026-09-10T15:39:33.680067+00:00,1789054773.6363037,48.1,27309924352,79.8,74207232,0.75452964167671,,,,
2026-09-10T15:39:34.227860+00:00,1789054774.188892,58.2,27292749824,79.8,74207232,0.23563356506939498,,,,
2026-09-10T15:39:34.757356+00:00,1789054774.732631,62.3,27281842176,79.8,74215424,0.2394684105298867,,,,
2026-09-10T15:39:35.299284+00:00,1789054775.2725585,62.6,27306123264,79.8,74223616,0.482317857594946,,,,
2026-09-10T15:39:35.844146+00:00,1789054775.8027148,58.7,27292954624,79.8,74223616,0.4912072728897148,,,,
2026-09-10T15:39:36.392134+00:00,1789054776.351827,64.2,27298406400,79.8,74223616,0.23712523856891793,,,,
2026-09-10T15:39:36.919096+00:00,1789054776.9034724,58.7,27294101504,79.8,74223616,0.47207247856923773,,,,
2026-09-10T15:39:37.472403+00:00,1789054777.44673,73.7,27334807552,79.9,74223616,0.4793614054089954,,,,
2026-09-10T15:39:37.997633+00:00,1789054777.972656,58.5,27331620864,79.9,74223616,0.24757913722659988,,,,
2026-09-10T15:39:38.547611+00:00,1789054778.502516,60.0,27335876608,79.9,74240000,0.4914820084407475,,,,
2026-09-10T15:39:39.104666+00:00,1789054779.0643137,62.2,27338379264,79.9,74240000,0.46354177718363854,,,,
2026-09-10T15:39:39.652109+00:00,1789054779.6120124,85.4,27438325760,80.2,74240000,0.47547428806910397,,,,
2026-09-10T15:39:40.212408+00:00,1789054780.167797,57.4,27438100480,80.2,74248192,0.23427836857375323,,,,
2026-09-10T15:39:40.747375+00:00,1789054780.7169304,84.0,27463380992,80.3,74248192,0.2371160757289467,,,,
2026-09-10T15:39:41.292386+00:00,1789054781.2578132,75.9,27464695808,80.3,74248192,0.24073297784665937,,,,
2026-09-10T15:39:41.871384+00:00,1789054781.8026893,64.8,27459526656,80.3,74248192,0.4779374014020742,,,,
2026-09-10T15:39:42.424002+00:00,1789054782.3829987,59.0,27468320768,80.3,74321920,0.6731323084609083,,,,
2026-09-10T15:39:42.959612+00:00,1789054782.9273558,79.7,27467161600,80.3,74321920,0.0,,,,
2026-09-10T15:39:43.496696+00:00,1789054783.466696,60.8,27472277504,80.3,74321920,0.0,,,,
2026-09-10T15:39:44.035938+00:00,1789054784.008744,59.8,27452379136,80.3,74321920,0.0,,,,
2026-09-10T15:39:44.574120+00:00,1789054784.5444784,61.5,27441840128,80.2,74321920,0.0,,,,
2026-09-10T15:39:45.119967+00:00,1789054785.0819092,63.4,27295764480,79.8,74321920,0.0,,,,
2026-09-10T15:39:45.658392+00:00,1789054785.632806,57.9,27305254912,79.8,74321920,0.23635699774101915,,,,
2026-09-10T15:39:46.204256+00:00,1789054786.1695123,65.2,27304808448,79.8,74321920,0.0,,,,
2026-09-10T15:39:46.741975+00:00,1789054786.716723,58.5,27309539328,79.8,74321920,0.2379491755432863,,,,
2026-09-10T15:39:47.303063+00:00,1789054787.2445087,69.7,27342643200,79.9,74321920,0.0,,,,
2026-09-10T15:39:47.827026+00:00,1789054787.8040254,65.0,27341160448,79.9,74321920,0.0,,,,
2026-09-10T15:39:48.357048+00:00,1789054788.335049,54.0,27343421440,79.9,74321920,0.0,,,,
2026-09-10T15:39:48.908448+00:00,1789054788.8641436,53.0,27343208448,79.9,74321920,0.0,,,,
2026-09-10T15:39:49.443599+00:00,1789054789.4087732,66.5,27305115648,79.8,74321920,0.2390768691086244,,,,
2026-09-10T15:39:50.002607+00:00,1789054789.9527087,57.5,27296235520,79.8,74326016,0.0,,,,
2026-09-10T15:39:50.521644+00:00,1789054790.5074751,42.4,27292528640,79.8,74493952,0.704125174752746,,,,
2026-09-10T15:39:51.058904+00:00,1789054791.0389037,19.2,27277418496,79.7,74493952,0.0,,,,
2026-09-10T15:39:51.591952+00:00,1789054791.5689516,17.6,27293224960,79.8,74493952,0.0,,,,
2026-09-10T15:39:52.118565+00:00,1789054792.0965626,17.4,27307589632,79.8,74493952,0.0,,,,
2026-09-10T15:39:52.649993+00:00,1789054792.6289942,7.3,27316420608,79.9,74493952,0.0,,,,
2026-09-10T15:39:53.167135+00:00,1789054793.1502993,5.4,27313176576,79.8,74493952,0.0,,,,
2026-09-10T15:39:53.712712+00:00,1789054793.6919873,8.9,27313917952,79.8,74493952,0.0,,,,
2026-09-10T15:39:54.236731+00:00,1789054794.2169025,14.3,27289079808,79.8,74493952,0.0,,,,
2026-09-10T15:39:54.762667+00:00,1789054794.7417502,9.1,27292086272,79.8,74493952,0.0,,,,
2026-09-10T15:39:55.278482+00:00,1789054795.266422,16.1,27291959296,79.8,74493952,0.0,,,,
2026-09-10T15:39:55.823253+00:00,1789054795.7896848,45.7,27296432128,79.8,74493952,0.0,,,,
2026-09-10T15:39:56.373370+00:00,1789054796.3398855,71.6,27297189888,79.8,74493952,0.0,,,,
2026-09-10T15:39:56.902710+00:00,1789054796.8815436,59.6,27301343232,79.8,74493952,0.0,,,,
2026-09-10T15:39:57.432012+00:00,1789054797.4072127,73.6,27336462336,79.9,74493952,0.24770018601703422,,,,
2026-09-10T15:39:58.045256+00:00,1789054797.9427774,61.4,27340234752,79.9,74493952,0.2431234597964108,,,,
2026-09-10T15:39:58.592558+00:00,1789054798.5613124,57.4,27341324288,79.9,74493952,0.2105108434156001,,,,
2026-09-10T15:39:59.129889+00:00,1789054799.104686,57.2,27338276864,79.9,74493952,0.0,,,,
2026-09-10T15:39:59.662347+00:00,1789054799.6393461,55.1,27298078720,79.8,74493952,0.0,,,,
2026-09-10T15:40:00.208033+00:00,1789054800.1724236,51.7,27300126720,79.8,74493952,0.0,,,,
2026-09-10T15:40:00.763862+00:00,1789054800.720546,52.1,27305725952,79.8,74493952,0.0,,,,
2026-09-10T15:40:01.286956+00:00,1789054801.2663808,55.8,27303432192,79.8,74493952,0.0,,,,
2026-09-10T15:40:01.846914+00:00,1789054801.80157,61.1,27325554688,79.9,74493952,0.0,,,,
2026-09-10T15:40:02.398334+00:00,1789054802.3565726,62.0,27327209472,79.9,74493952,0.469216945536296,,,,
2026-09-10T15:40:02.936956+00:00,1789054802.9168372,58.6,27327922176,79.9,74493952,0.23240507478268763,,,,
2026-09-10T15:40:03.486573+00:00,1789054803.461868,58.3,27327266816,79.9,74493952,0.0,,,,
2026-09-10T15:40:04.033069+00:00,1789054803.991496,57.5,27299553280,79.8,74493952,0.7375459221822428,,,,
2026-09-10T15:40:04.599300+00:00,1789054804.5368648,60.3,27306520576,79.8,74493952,0.23875286601073747,,,,
2026-09-10T15:40:05.138636+00:00,1789054805.113972,56.5,27303895040,79.8,74493952,0.0,,,,
2026-09-10T15:40:05.670330+00:00,1789054805.6464026,57.7,27306029056,79.8,74493952,0.7336636252583764,,,,
2026-09-10T15:40:06.212462+00:00,1789054806.177492,57.2,27303677952,79.8,74493952,0.2451721996513359,,,,
2026-09-10T15:40:06.756962+00:00,1789054806.7171082,68.7,27307175936,79.8,74502144,0.4825959562264496,,,,
2026-09-10T15:40:07.310652+00:00,1789054807.2649994,69.4,27347595264,79.9,74502144,0.23765365750777553,,,,
2026-09-10T15:40:07.842419+00:00,1789054807.8174176,50.9,27353305088,80.0,74502144,0.23570607521475234,,,,
2026-09-10T15:40:08.394545+00:00,1789054808.3534994,52.9,27352678400,80.0,74502144,0.0,,,,
2026-09-10T15:40:08.942549+00:00,1789054808.9029434,55.2,27342139392,79.9,74502144,0.0,,,,
2026-09-10T15:40:09.496974+00:00,1789054809.4500198,65.5,27305246720,79.8,74502144,0.4760151166177476,,,,
2026-09-10T15:40:10.036792+00:00,1789054810.001869,56.7,27304669184,79.8,74502144,0.0,,,,
2026-09-10T15:40:10.590682+00:00,1789054810.5434582,64.8,27323400192,79.9,74510336,0.0,,,,
2026-09-10T15:40:11.126739+00:00,1789054811.108035,64.1,27302801408,79.8,74510336,0.23062994886980204,,,,
2026-09-10T15:40:11.687265+00:00,1789054811.649705,74.2,27306434560,79.8,74510336,0.24038320463207166,,,,
2026-09-10T15:40:12.221283+00:00,1789054812.202362,65.7,27320619008,79.9,74702848,0.9424167490648596,,,,
2026-09-10T15:40:12.746374+00:00,1789054812.7264576,19.3,27335553024,79.9,74702848,0.0,,,,
2026-09-10T15:40:13.285098+00:00,1789054813.2621005,14.1,27335368704,79.9,74702848,0.0,,,,
2026-09-10T15:40:13.814979+00:00,1789054813.7933054,8.8,27336925184,79.9,74702848,0.0,,,,
2026-09-10T15:40:14.344509+00:00,1789054814.323994,10.3,27310379008,79.8,74702848,0.0,,,,
2026-09-10T15:40:14.872444+00:00,1789054814.8514445,3.0,27311054848,79.8,74702848,0.0,,,,
2026-09-10T15:40:15.394889+00:00,1789054815.3748903,2.0,27310944256,79.8,74702848,0.0,,,,
2026-09-10T15:40:15.922121+00:00,1789054815.9031224,1.2,27309875200,79.8,74702848,0.0,,,,
2026-09-10T15:40:16.456686+00:00,1789054816.431679,2.2,27309670400,79.8,74702848,0.0,,,,
2026-09-10T15:40:16.982701+00:00,1789054816.9626915,17.1,27316518912,79.9,74702848,0.0,,,,
2026-09-10T15:40:17.527122+00:00,1789054817.4895337,43.7,27364331520,80.0,74702848,0.0,,,,
2026-09-10T15:40:18.065095+00:00,1789054818.0395832,53.4,27314368512,79.8,74702848,0.0,,,,
2026-09-10T15:40:18.611717+00:00,1789054818.5691974,52.3,27322920960,79.9,74702848,0.0,,,,
2026-09-10T15:40:19.170262+00:00,1789054819.1182837,56.5,27322847232,79.9,74735616,1.1856817923595024,,,,
2026-09-10T15:40:19.693029+00:00,1789054819.6773918,65.0,27276288000,79.7,74735616,0.2328858269557669,,,,
2026-09-10T15:40:20.246824+00:00,1789054820.2153625,57.7,27270291456,79.7,74735616,0.4840721386850132,,,,
2026-09-10T15:40:20.781776+00:00,1789054820.751073,57.6,27276333056,79.7,74735616,0.0,,,,
2026-09-10T15:40:21.331814+00:00,1789054821.2882128,55.6,27270680576,79.7,74735616,0.0,,,,
2026-09-10T15:40:21.892505+00:00,1789054821.835756,64.9,27299868672,79.8,74735616,0.0,,,,
2026-09-10T15:40:22.423657+00:00,1789054822.3976576,53.4,27299745792,79.8,74735616,0.0,,,,
2026-09-10T15:40:22.959253+00:00,1789054822.925913,56.6,27308568576,79.8,74735616,0.0,,,,
2026-09-10T15:40:23.511789+00:00,1789054823.4697893,64.1,27297394688,79.8,74735616,0.0,,,,
2026-09-10T15:40:24.063064+00:00,1789054824.0200613,54.4,27274657792,79.7,74735616,0.0,,,,
2026-09-10T15:40:24.593467+00:00,1789054824.567898,56.5,27277443072,79.7,74735616,0.0,,,,
2026-09-10T15:40:25.126257+00:00,1789054825.0951433,52.4,27271036928,79.7,74735616,0.0,,,,
2026-09-10T15:40:25.686534+00:00,1789054825.6385307,55.6,27278807040,79.7,74735616,0.0,,,,
2026-09-10T15:40:26.228823+00:00,1789054826.2028224,48.9,27275653120,79.7,74735616,0.0,,,,
2026-09-10T15:40:26.763996+00:00,1789054826.736751,50.6,27277918208,79.7,74735616,0.0,,,,
2026-09-10T15:40:27.323180+00:00,1789054827.266213,77.4,27313868800,79.8,74735616,0.0,,,,
2026-09-10T15:40:27.862274+00:00,1789054827.8271208,59.2,27303288832,79.8,74735616,0.23213855089663232,,,,
2026-09-10T15:40:28.405707+00:00,1789054828.3712718,58.1,27303407616,79.8,74735616,0.9571484174467523,,,,
2026-09-10T15:40:28.937863+00:00,1789054828.9177194,54.9,27314647040,79.8,74735616,0.2382814993991333,,,,
2026-09-10T15:40:29.496721+00:00,1789054829.4502876,60.0,27272269824,79.7,74735616,0.0,,,,
2026-09-10T15:40:30.052053+00:00,1789054830.0133002,52.4,27269623808,79.7,74735616,0.0,,,,
2026-09-10T15:40:30.585772+00:00,1789054830.5582516,50.6,27276783616,79.7,74735616,0.4778713259120943,,,,
2026-09-10T15:40:31.112882+00:00,1789054831.0898821,50.7,27270172672,79.7,74735616,0.0,,,,
2026-09-10T15:40:31.667862+00:00,1789054831.6251183,52.7,27277467648,79.7,74735616,0.0,,,,
2026-09-10T15:40:32.209839+00:00,1789054832.1728396,64.6,27300917248,79.8,74735616,0.0,,,,
2026-09-10T15:40:32.751695+00:00,1789054832.7246954,48.6,27306258432,79.8,74735616,0.0,,,,
2026-09-10T15:40:33.301823+00:00,1789054833.2560906,60.0,27301216256,79.8,74735616,0.24503106932342322,,,,
2026-09-10T15:40:33.846710+00:00,1789054833.8282187,37.6,27297095680,79.8,74747904,0.2275859951824112,,,,
2026-09-10T15:40:34.378151+00:00,1789054834.3620043,18.3,27271221248,79.7,74747904,0.0,,,,
2026-09-10T15:40:34.901364+00:00,1789054834.8857293,19.8,27285241856,79.8,74747904,0.0,,,,
2026-09-10T15:40:35.427145+00:00,1789054835.4057887,15.7,27284746240,79.8,74747904,0.0,,,,
2026-09-10T15:40:35.951009+00:00,1789054835.932591,13.2,27283542016,79.8,74747904,0.0,,,,
2026-09-10T15:40:36.490831+00:00,1789054836.4641874,11.0,27285659648,79.8,74747904,0.0,,,,
2026-09-10T15:40:37.019699+00:00,1789054836.9987886,9.3,27287584768,79.8,74747904,0.0,,,,
2026-09-10T15:40:37.543953+00:00,1789054837.523955,14.3,27328073728,79.9,74747904,0.0,,,,
2026-09-10T15:40:38.070878+00:00,1789054838.0498745,6.2,27321417728,79.9,74747904,0.0,,,,
2026-09-10T15:40:38.601012+00:00,1789054838.582502,7.8,27320430592,79.9,74747904,0.0,,,,
2026-09-10T15:40:39.117711+00:00,1789054839.1020863,49.4,27330617344,79.9,74747904,0.25060092063411943,,,,
2026-09-10T15:40:39.672076+00:00,1789054839.6397195,63.3,27273457664,79.7,74747904,0.2421880531696199,,,,
2026-09-10T15:40:40.215985+00:00,1789054840.1768615,59.8,27285671936,79.8,74747904,0.48481900144862755,,,,
2026-09-10T15:40:40.750609+00:00,1789054840.7160287,61.3,27279544320,79.7,74747904,0.2414990036544707,,,,
2026-09-10T15:40:41.270310+00:00,1789054841.2557163,61.0,27287134208,79.8,74747904,0.0,,,,
2026-09-10T15:40:41.870571+00:00,1789054841.7874563,61.0,27287629824,79.8,74747904,0.7346166107469065,,,,
2026-09-10T15:40:42.416663+00:00,1789054842.3760862,73.5,27289481216,79.8,74747904,0.22120575226764924,,,,
2026-09-10T15:40:42.949016+00:00,1789054842.9191287,56.5,27298172928,79.8,74747904,0.23977562012891745,,,,
2026-09-10T15:40:43.492231+00:00,1789054843.4642315,49.8,27296890880,79.8,74747904,0.23886930143121843,,,,
2026-09-10T15:40:44.022068+00:00,1789054843.9947202,50.7,27273330688,79.7,74747904,0.0,,,,
2026-09-10T15:40:44.565802+00:00,1789054844.5241432,57.4,27261726720,79.7,74747904,0.0,,,,
2026-09-10T15:40:45.111297+00:00,1789054845.0732968,53.4,27266703360,79.7,74747904,0.23710732536308868,,,,
2026-09-10T15:40:45.650663+00:00,1789054845.62511,51.3,27266146304,79.7,74747904,0.0,,,,
2026-09-10T15:40:46.186057+00:00,1789054846.1591046,54.5,27287363584,79.8,74747904,0.0,,,,
2026-09-10T15:40:46.730886+00:00,1789054846.6901927,52.4,27267129344,79.7,74747904,0.0,,,,
2026-09-10T15:40:47.306976+00:00,1789054847.246944,65.6,27292446720,79.8,74747904,0.0,,,,
2026-09-10T15:40:47.845710+00:00,1789054847.8207095,63.2,27305668608,79.8,74747904,0.22693649171752445,,,,
2026-09-10T15:40:48.401227+00:00,1789054848.3576448,56.8,27314847744,79.8,74747904,0.0,,,,
2026-09-10T15:40:48.940810+00:00,1789054848.916771,54.7,27309113344,79.8,74747904,0.23287827973678954,,,,
2026-09-10T15:40:49.490744+00:00,1789054849.4566386,61.0,27265306624,79.7,74747904,0.24118566069988298,,,,
2026-09-10T15:40:50.020188+00:00,1789054849.9908094,62.8,27267698688,79.7,74747904,0.4875156681804826,,,,
2026-09-10T15:40:50.566961+00:00,1789054850.5357132,62.5,27256152064,79.7,74747904,0.4779131437198934,,,,
2026-09-10T15:40:51.101941+00:00,1789054851.0760837,59.4,27264479232,79.7,74747904,0.24096123294968375,,,,
2026-09-10T15:40:51.630442+00:00,1789054851.6143029,53.9,27264356352,79.7,74747904,0.7257730497396404,,,,
2026-09-10T15:40:52.153793+00:00,1789054852.1381664,35.8,27272941568,79.7,74747904,0.7456617224403491,,,,
2026-09-10T15:40:52.680287+00:00,1789054852.664661,22.2,27284463616,79.8,74747904,0.0,,,,
2026-09-10T15:40:53.220227+00:00,1789054853.2009504,17.6,27241422848,79.6,74747904,0.0,,,,
2026-09-10T15:40:53.750219+00:00,1789054853.7252278,16.4,27241238528,79.6,74747904,0.0,,,,
2026-09-10T15:40:54.269964+00:00,1789054854.2555244,12.6,27213750272,79.6,74747904,0.0,,,,
2026-09-10T15:40:54.804211+00:00,1789054854.7855837,8.0,27203198976,79.5,74747904,0.0,,,,
2026-09-10T15:40:55.332455+00:00,1789054855.3168294,20.6,27213885440,79.6,74747904,0.0,,,,
2026-09-10T15:40:55.875006+00:00,1789054855.8421674,9.8,27216101376,79.6,74747904,0.0,,,,
2026-09-10T15:40:56.395877+00:00,1789054856.3780682,13.1,27215364096,79.6,74747904,0.0,,,,
2026-09-10T15:40:56.934252+00:00,1789054856.9030123,24.4,27222740992,79.6,74747904,0.0,,,,
2026-09-10T15:40:57.485461+00:00,1789054857.4418976,76.7,27261657088,79.7,74747904,0.0,,,,
2026-09-10T15:40:58.015188+00:00,1789054857.9902859,63.3,27263430656,79.7,74747904,0.4748764586459094,,,,
2026-09-10T15:40:58.556897+00:00,1789054858.519947,61.8,27262169088,79.7,74747904,0.4916665166219533,,,,
2026-09-10T15:40:59.102263+00:00,1789054859.059741,55.6,27261108224,79.7,74747904,0.0,,,,
2026-09-10T15:40:59.645184+00:00,1789054859.6075532,54.5,27218354176,79.6,74747904,0.0,,,,
2026-09-10T15:41:00.177451+00:00,1789054860.1554523,52.8,27218116608,79.6,74747904,0.0,,,,
2026-09-10T15:41:00.740584+00:00,1789054860.6859012,53.0,27221872640,79.6,74747904,0.0,,,,
2026-09-10T15:41:01.287599+00:00,1789054861.2480774,52.4,27219968000,79.6,74747904,0.0,,,,
2026-09-10T15:41:01.834694+00:00,1789054861.7990458,51.5,27224735744,79.6,74747904,0.0,,,,
2026-09-10T15:41:02.369879+00:00,1789054862.3456862,56.1,27245109248,79.6,74747904,0.0,,,,
2026-09-10T15:41:02.911048+00:00,1789054862.8748422,60.4,27246084096,79.6,74747904,0.0,,,,
2026-09-10T15:41:03.447064+00:00,1789054863.4161484,58.6,27245973504,79.6,74747904,0.0,,,,
2026-09-10T15:41:04.000091+00:00,1789054863.9605467,59.0,27216826368,79.6,74747904,0.2391784314309422,,,,
2026-09-10T15:41:04.519721+00:00,1789054864.5049272,55.4,27215106048,79.6,74747904,0.0,,,,
2026-09-10T15:41:05.065613+00:00,1789054865.0350444,62.9,27208003584,79.5,74747904,0.9824870071880042,,,,
2026-09-10T15:41:05.597152+00:00,1789054865.5658913,58.2,27217911808,79.6,74747904,0.9811367418912422,,,,
2026-09-10T15:41:06.132510+00:00,1789054866.116884,58.2,27217137664,79.6,74747904,0.0,,,,
2026-09-10T15:41:06.682218+00:00,1789054866.659992,55.1,27215925248,79.6,74747904,0.47949334784924524,,,,
2026-09-10T15:41:07.262386+00:00,1789054867.1911585,66.1,27256647680,79.7,74747904,0.2451365442270673,,,,
2026-09-10T15:41:07.800976+00:00,1789054867.7647445,69.3,27257516032,79.7,74747904,0.0,,,,
2026-09-10T15:41:08.335573+00:00,1789054868.3099568,63.1,27259248640,79.7,74747904,0.23882135597005288,,,,
2026-09-10T15:41:08.894533+00:00,1789054868.8520195,57.1,27261108224,79.7,74747904,0.7206268890945365,,,,
2026-09-10T15:41:09.432926+00:00,1789054869.3960333,64.9,27237408768,79.6,74747904,0.0,,,,
2026-09-10T15:41:09.980982+00:00,1789054869.9402502,66.2,27230126080,79.6,74747904,0.2392581711615923,,,,
2026-09-10T15:41:10.509582+00:00,1789054870.4848406,60.3,27228028928,79.6,74747904,0.717282103233636,,,,
2026-09-10T15:41:11.043713+00:00,1789054871.0127244,57.1,27230351360,79.6,74747904,0.2466609909346365,,,,
2026-09-10T15:41:11.584382+00:00,1789054871.5453832,57.7,27284365312,79.8,74747904,0.0,,,,
2026-09-10T15:41:12.123834+00:00,1789054872.0895689,59.0,27302604800,79.8,74747904,0.0,,,,
2026-09-10T15:41:12.661330+00:00,1789054872.6393304,50.4,27301425152,79.8,74747904,0.0,,,,
2026-09-10T15:41:13.186375+00:00,1789054873.1663308,61.7,27304914944,79.8,74747904,0.24707443599951742,,,,
2026-09-10T15:41:13.729814+00:00,1789054873.7025204,52.3,27296907264,79.8,74756096,0.4856802294886514,,,,
2026-09-10T15:41:14.260079+00:00,1789054874.234644,20.8,27279110144,79.7,74756096,0.0,,,,
2026-09-10T15:41:14.785152+00:00,1789054874.7645006,16.1,27277934592,79.7,74756096,0.0,,,,
2026-09-10T15:41:15.314656+00:00,1789054875.2911453,12.0,27280310272,79.7,74756096,0.0,,,,
2026-09-10T15:41:15.840032+00:00,1789054875.8200278,11.2,27270369280,79.7,74756096,0.0,,,,
2026-09-10T15:41:16.364853+00:00,1789054876.345855,0.5,27283517440,79.8,74756096,0.0,,,,
2026-09-10T15:41:16.898390+00:00,1789054876.876391,5.4,27282878464,79.8,74756096,0.0,,,,
2026-09-10T15:41:17.427926+00:00,1789054877.3995085,20.4,27314847744,79.8,74756096,0.0,,,,
2026-09-10T15:41:17.959777+00:00,1789054877.940998,19.1,27299172352,79.8,74756096,0.0,,,,
2026-09-10T15:41:18.487682+00:00,1789054878.4636655,21.8,27310665728,79.8,74756096,0.0,,,,
2026-09-10T15:41:19.013587+00:00,1789054878.9896748,47.3,27323334656,79.9,74756096,0.0,,,,
2026-09-10T15:41:19.575775+00:00,1789054879.5208726,64.1,27314794496,79.8,74723328,0.24512213093477497,,,,
2026-09-10T15:41:20.113807+00:00,1789054880.0799959,58.7,27282923520,79.8,74723328,0.0,,,,
2026-09-10T15:41:20.651512+00:00,1789054880.6278706,54.6,27286163456,79.8,74723328,0.4753215869370116,,,,
2026-09-10T15:41:21.191830+00:00,1789054881.1673088,54.5,27285397504,79.8,74723328,0.0,,,,
2026-09-10T15:41:21.734780+00:00,1789054881.6958184,54.2,27299397632,79.8,74723328,0.0,,,,
2026-09-10T15:41:22.280956+00:00,1789054882.2416418,59.7,27290914816,79.8,74723328,0.0,,,,
2026-09-10T15:41:22.830408+00:00,1789054882.788883,52.0,27301027840,79.8,74723328,0.0,,,,
2026-09-10T15:41:23.354387+00:00,1789054883.336485,59.1,27300610048,79.8,74723328,0.2377791681125132,,,,
2026-09-10T15:41:23.885484+00:00,1789054883.8695872,57.3,27290972160,79.8,74723328,0.24424644143936647,,,,
2026-09-10T15:41:24.431191+00:00,1789054884.3995488,58.0,27276926976,79.7,74723328,0.0,,,,
2026-09-10T15:41:24.971165+00:00,1789054884.934287,55.8,27276591104,79.7,74723328,0.24349917107139488,,,,
2026-09-10T15:41:25.512610+00:00,1789054885.4750667,61.7,27276570624,79.7,74723328,0.0,,,,
2026-09-10T15:41:26.034798+00:00,1789054886.0142205,58.2,27265404928,79.7,74723328,0.24150498406205664,,,,
2026-09-10T15:41:26.575235+00:00,1789054886.5503862,55.0,27277045760,79.7,74723328,0.48570182639183485,,,,
2026-09-10T15:41:27.115082+00:00,1789054887.0798862,54.0,27271737344,79.7,74723328,0.0,,,,
2026-09-10T15:41:27.669088+00:00,1789054887.627086,61.7,27306901504,79.8,74723328,0.0,,,,
2026-09-10T15:41:28.209701+00:00,1789054888.172165,62.6,27307773952,79.8,74723328,0.0,,,,
2026-09-10T15:41:28.762973+00:00,1789054888.724348,51.3,27308740608,79.8,74723328,0.0,,,,
2026-09-10T15:41:29.285316+00:00,1789054889.2641478,64.2,27302207488,79.8,74723328,0.2412160208425718,,,,
2026-09-10T15:41:29.846250+00:00,1789054889.7998176,61.8,27249045504,79.7,74723328,0.0,,,,
2026-09-10T15:41:30.364114+00:00,1789054890.34896,61.6,27259990016,79.7,74723328,0.23711216372085483,,,,
2026-09-10T15:41:30.900628+00:00,1789054890.8791559,54.7,27238920192,79.6,64339968,0.7367559086843574,,,,
2026-09-10T15:41:31.429512+00:00,1789054891.4045842,16.5,27242176512,79.6,63291392,0.0,,,,
2026-09-10T15:41:31.969781+00:00,1789054891.9488282,20.1,27261210624,79.7,63291392,0.0,,,,
2026-09-10T15:41:32.494931+00:00,1789054892.4749396,18.7,27268677632,79.7,63291392,0.0,,,,
2026-09-10T15:41:33.018966+00:00,1789054892.9994354,14.7,27268333568,79.7,63291392,0.0,,,,
2026-09-10T15:41:33.553977+00:00,1789054893.5381794,13.2,27267751936,79.7,63291392,0.0,,,,
2026-09-10T15:41:34.079745+00:00,1789054894.0595238,10.8,27241201664,79.6,63291392,0.0,,,,
2026-09-10T15:41:34.608578+00:00,1789054894.587568,10.0,27242983424,79.6,63291392,0.0,,,,
2026-09-10T15:41:35.125689+00:00,1789054895.11568,13.6,27249233920,79.7,63291392,0.0,,,,
2026-09-10T15:41:35.668946+00:00,1789054895.651164,16.5,27249958912,79.7,63291392,0.0,,,,
2026-09-10T15:41:36.236837+00:00,1789054896.1765027,39.2,27249471488,79.7,63291392,0.0,,,,
2026-09-10T15:41:36.763099+00:00,1789054896.7391198,58.7,27254325248,79.7,63291392,0.46286663443211895,,,,
2026-09-10T15:41:37.340907+00:00,1789054897.265296,67.7,27284058112,79.8,63291392,0.24746145837628492,,,,
2026-09-10T15:41:37.885180+00:00,1789054897.8495967,57.6,27300151296,79.8,63291392,0.22284471121248658,,,,
2026-09-10T15:41:38.421178+00:00,1789054898.3871646,62.9,27300823040,79.8,63291392,1.4533049070772774,,,,
2026-09-10T15:41:38.937726+00:00,1789054898.9270973,54.0,27288199168,79.8,63291392,0.7234697581339568,,,,
2026-09-10T15:41:39.509588+00:00,1789054899.4640138,69.9,27254960128,79.7,63291392,0.4850226606885492,,,,
2026-09-10T15:41:40.036352+00:00,1789054900.0138257,59.4,27243220992,79.6,63291392,0.0,,,,
2026-09-10T15:41:40.602498+00:00,1789054900.5632646,67.5,27246940160,79.6,63291392,0.23698416817313037,,,,
2026-09-10T15:41:41.135007+00:00,1789054901.109831,73.7,27222413312,79.6,63291392,0.7146888983304441,,,,
2026-09-10T15:41:41.683771+00:00,1789054901.649495,60.5,27228094464,79.6,63291392,0.0,,,,
2026-09-10T15:41:42.219058+00:00,1789054902.1939785,64.2,27250843648,79.7,63291392,0.0,,,,
2026-09-10T15:41:42.753916+00:00,1789054902.7240503,59.7,27246850048,79.6,63291392,0.24564285292344082,,,,
2026-09-10T15:41:43.318154+00:00,1789054903.2669938,57.6,27251171328,79.7,63291392,0.0,,,,
2026-09-10T15:41:43.869003+00:00,1789054903.8320086,53.3,27255291904,79.7,63291392,0.0,,,,
2026-09-10T15:41:44.402527+00:00,1789054904.3785274,51.6,27228364800,79.6,63291392,0.0,,,,
2026-09-10T15:41:44.936158+00:00,1789054904.9093359,54.8,27217063936,79.6,63291392,0.0,,,,
2026-09-10T15:41:45.487349+00:00,1789054905.443341,55.3,27230130176,79.6,63291392,0.0,,,,
2026-09-10T15:41:46.028731+00:00,1789054905.990731,54.3,27228672000,79.6,63291392,0.0,,,,
2026-09-10T15:41:46.561955+00:00,1789054906.5366178,51.8,27229687808,79.6,63291392,0.23852627333998655,,,,
2026-09-10T15:41:47.087201+00:00,1789054907.064005,58.2,27219300352,79.6,63291392,0.0,,,,
2026-09-10T15:41:47.604945+00:00,1789054907.589319,66.7,27272519680,79.7,63291392,0.24786758085991473,,,,
2026-09-10T15:41:48.150021+00:00,1789054908.1191998,59.5,27259326464,79.7,63291392,0.24573138458026564,,,,
2026-09-10T15:41:48.685764+00:00,1789054908.6607199,72.3,27285729280,79.8,63291392,0.7213490071765069,,,,
2026-09-10T15:41:49.226715+00:00,1789054909.2007158,59.9,27257581568,79.7,63291392,0.0,,,,
2026-09-10T15:41:49.762261+00:00,1789054909.7332652,65.2,27210960896,79.5,63291392,0.0,,,,
2026-09-10T15:41:50.292227+00:00,1789054910.267228,51.2,27210137600,79.5,63291392,0.0,,,,
2026-09-10T15:41:50.821472+00:00,1789054910.7964678,55.0,27216859136,79.6,63291392,0.0,,,,
2026-09-10T15:41:51.352362+00:00,1789054911.3246021,54.7,27272003584,79.7,63299584,0.49308792097110393,,,,
2026-09-10T15:41:51.887066+00:00,1789054911.853508,20.8,27223781376,79.6,63299584,0.0,,,,
2026-09-10T15:41:52.431529+00:00,1789054912.4005294,25.3,27212124160,79.5,63295488,0.0,,,,
2026-09-10T15:41:52.960192+00:00,1789054912.9323344,29.8,27025121280,79.0,63295488,0.0,,,,
2026-09-10T15:41:53.488869+00:00,1789054913.4631584,21.3,26985226240,78.9,63295488,0.0,,,,
2026-09-10T15:41:54.013678+00:00,1789054913.9936788,14.9,26958761984,78.8,63295488,0.0,,,,
2026-09-10T15:41:54.532284+00:00,1789054914.518516,7.7,26961178624,78.8,63295488,0.0,,,,
2026-09-10T15:41:55.068457+00:00,1789054915.041632,6.5,26960769024,78.8,63295488,0.0,,,,
2026-09-10T15:41:55.602383+00:00,1789054915.5803764,8.9,26949324800,78.8,63295488,0.0,,,,
2026-09-10T15:41:56.131738+00:00,1789054916.1111772,7.1,26961358848,78.8,63295488,0.0,,,,
2026-09-10T15:41:56.674913+00:00,1789054916.6432822,25.5,26955436032,78.8,63295488,0.0,,,,
2026-09-10T15:41:57.276188+00:00,1789054917.1859255,62.6,26950672384,78.8,63295488,0.0,,,,
2026-09-10T15:41:57.807761+00:00,1789054917.7866607,62.1,27000475648,78.9,63295488,0.0,,,,
2026-09-10T15:41:58.331278+00:00,1789054918.3152099,55.6,27007279104,78.9,63295488,0.4927009055303752,,,,
2026-09-10T15:41:58.884777+00:00,1789054918.855398,64.1,27006574592,78.9,63295488,0.48208518319251675,,,,
2026-09-10T15:41:59.441022+00:00,1789054919.3946378,62.8,27024568320,79.0,63295488,0.24146643699058304,,,,
2026-09-10T15:41:59.988426+00:00,1789054919.9465277,72.7,26965446656,78.8,63295488,0.2359317214980397,,,,
2026-09-10T15:42:00.528912+00:00,1789054920.4892876,62.3,26959233024,78.8,63295488,0.4798008638992606,,,,
2026-09-10T15:42:01.068928+00:00,1789054921.033947,57.6,26972991488,78.8,63295488,0.23906378745384957,,,,
2026-09-10T15:42:01.611988+00:00,1789054921.5930219,55.2,26960867328,78.8,63295488,0.2328996316876552,,,,
2026-09-10T15:42:02.166620+00:00,1789054922.1308444,60.1,26987675648,78.9,63295488,0.0,,,,
2026-09-10T15:42:02.718682+00:00,1789054922.6776989,56.2,26997252096,78.9,63295488,0.476208330681111,,,,
2026-09-10T15:42:03.261487+00:00,1789054923.2355824,54.9,26998992896,78.9,63295488,0.0,,,,
2026-09-10T15:42:03.808369+00:00,1789054923.7633715,60.9,26966155264,78.8,63295488,0.0,,,,
2026-09-10T15:42:04.356901+00:00,1789054924.3231068,52.1,26942889984,78.8,63295488,0.0,,,,
2026-09-10T15:42:04.893043+00:00,1789054924.868043,56.0,26944028672,78.8,63295488,0.23894235340717446,,,,
2026-09-10T15:42:05.429076+00:00,1789054925.3989847,52.7,26943848448,78.8,63295488,0.4904806959293605,,,,
2026-09-10T15:42:05.972366+00:00,1789054925.9413028,87.7,26961039360,78.8,63295488,0.0,,,,
2026-09-10T15:42:06.509042+00:00,1789054926.4840412,52.7,26958721024,78.8,63295488,0.0,,,,
2026-09-10T15:42:07.033915+00:00,1789054927.0131886,54.3,26962157568,78.8,63295488,0.0,,,,
2026-09-10T15:42:07.600211+00:00,1789054927.5581539,66.7,27001352192,78.9,63295488,0.23892960005833241,,,,
2026-09-10T15:42:08.130474+00:00,1789054928.114848,56.5,27008651264,79.0,63295488,0.0,,,,
2026-09-10T15:42:08.683286+00:00,1789054928.6520348,56.5,27005403136,78.9,63295488,0.48477854831252887,,,,
2026-09-10T15:42:09.253610+00:00,1789054929.20956,66.3,27010543616,79.0,63295488,0.23354700946076357,,,,
2026-09-10T15:42:09.768080+00:00,1789054929.7583606,47.9,27019132928,79.0,63303680,0.7117793310299556,,,,
2026-09-10T15:42:10.303808+00:00,1789054930.2881842,15.9,27021017088,79.0,63303680,0.0,,,,
2026-09-10T15:42:10.829720+00:00,1789054930.8117864,17.6,27041140736,79.0,63303680,0.0,,,,
2026-09-10T15:42:11.351024+00:00,1789054931.339517,17.4,27040194560,79.0,63303680,0.0,,,,
2026-09-10T15:42:11.908443+00:00,1789054931.8783135,16.4,27096399872,79.2,63303680,0.0,,,,
2026-09-10T15:42:12.428390+00:00,1789054932.4134374,17.0,27098886144,79.2,63303680,0.0,,,,
2026-09-10T15:42:12.960335+00:00,1789054932.9372127,7.4,27105701888,79.2,63303680,0.0,,,,
2026-09-10T15:42:13.484942+00:00,1789054933.4632769,10.3,27105050624,79.2,63303680,0.0,,,,
2026-09-10T15:42:14.017960+00:00,1789054933.988409,15.4,27071074304,79.1,63303680,0.0,,,,
2026-09-10T15:42:14.572506+00:00,1789054934.5336156,23.6,27073048576,79.1,63303680,0.0,,,,
2026-09-10T15:42:15.088773+00:00,1789054935.073793,56.1,27087347712,79.2,63303680,0.24104737910997256,,,,
2026-09-10T15:42:15.634191+00:00,1789054935.6084797,54.9,27083853824,79.2,63303680,0.2435226237184555,,,,
2026-09-10T15:42:16.180323+00:00,1789054936.1562073,61.8,27077029888,79.2,63303680,0.2377246224902815,,,,
2026-09-10T15:42:16.728237+00:00,1789054936.6941235,59.5,27076665344,79.2,63303680,0.4841212714329446,,,,
2026-09-10T15:42:17.282890+00:00,1789054937.231091,56.7,27089297408,79.2,63303680,0.4849765748085395,,,,
2026-09-10T15:42:17.815828+00:00,1789054937.7908294,70.3,27117371392,79.3,63303680,0.0,,,,
2026-09-10T15:42:18.349159+00:00,1789054938.32117,58.4,27121455104,79.3,63303680,0.0,,,,
2026-09-10T15:42:18.901645+00:00,1789054938.8495867,58.4,27134693376,79.3,63303680,0.0,,,,
2026-09-10T15:42:19.451708+00:00,1789054939.4116406,63.3,27097968640,79.2,63336448,0.0,,,,
2026-09-10T15:42:19.992780+00:00,1789054939.9601939,59.8,27078930432,79.2,63336448,0.23736681619443217,,,,
2026-09-10T15:42:20.531885+00:00,1789054940.5083659,56.2,27066105856,79.1,63336448,0.0,,,,
2026-09-10T15:42:21.076719+00:00,1789054941.0357144,57.7,27079299072,79.2,63336448,0.24691134761392372,,,,
2026-09-10T15:42:21.622242+00:00,1789054941.5833664,59.9,27077345280,79.2,63336448,0.0,,,,
2026-09-10T15:42:22.161063+00:00,1789054942.1270657,62.4,27088367616,79.2,63336448,0.0,,,,
2026-09-10T15:42:22.694721+00:00,1789054942.671723,53.4,27087519744,79.2,63336448,0.0,,,,
2026-09-10T15:42:23.238512+00:00,1789054943.1992528,55.7,27098980352,79.2,63336448,0.4936528518289697,,,,
2026-09-10T15:42:23.776820+00:00,1789054943.743505,58.9,27094470656,79.2,63336448,0.23924265913893378,,,,
2026-09-10T15:42:24.326861+00:00,1789054944.2877336,62.8,27081502720,79.2,63336448,0.0,,,,
2026-09-10T15:42:24.868300+00:00,1789054944.839787,54.0,27077898240,79.2,63336448,0.23586182274661555,,,,
2026-09-10T15:42:25.418140+00:00,1789054945.394547,55.0,27071373312,79.1,63336448,0.2347111150840857,,,,
2026-09-10T15:42:25.962803+00:00,1789054945.9345007,61.3,27065462784,79.1,63336448,0.2411472154885277,,,,
2026-09-10T15:42:26.508817+00:00,1789054946.4684129,57.2,27048861696,79.1,63336448,0.48775187290586575,,,,
2026-09-10T15:42:27.035022+00:00,1789054947.0144856,34.2,27123859456,79.3,63488000,0.2384450425945452,,,,
2026-09-10T15:42:27.567946+00:00,1789054947.5430913,20.4,27147677696,79.4,63488000,0.0,,,,
2026-09-10T15:42:28.096753+00:00,1789054948.0727549,16.8,27152850944,79.4,63488000,0.0,,,,
2026-09-10T15:42:28.632490+00:00,1789054948.6032062,13.0,27152347136,79.4,63488000,0.0,,,,
2026-09-10T15:42:29.197586+00:00,1789054949.1471627,16.6,27200495616,79.5,63488000,0.0,,,,
2026-09-10T15:42:29.737976+00:00,1789054949.7124453,31.8,27125383168,79.3,63488000,0.0,,,,
2026-09-10T15:42:30.264729+00:00,1789054950.2439692,10.8,27122671616,79.3,63488000,0.0,,,,
2026-09-10T15:42:30.790346+00:00,1789054950.7675288,10.4,27124793344,79.3,63488000,0.0,,,,
2026-09-10T15:42:31.311588+00:00,1789054951.2935886,11.0,27128213504,79.3,63488000,0.0,,,,
2026-09-10T15:42:31.879326+00:00,1789054951.8263946,19.2,27125686272,79.3,63488000,0.0,,,,
2026-09-10T15:42:32.415342+00:00,1789054952.3917992,56.5,27157106688,79.4,63488000,0.0,,,,
2026-09-10T15:42:32.949027+00:00,1789054952.9227333,55.2,27152588800,79.4,63488000,0.0,,,,
2026-09-10T15:42:33.496919+00:00,1789054953.4523969,56.2,27158937600,79.4,63488000,0.0,,,,
2026-09-10T15:42:34.042886+00:00,1789054954.0003064,57.4,27161145344,79.4,63488000,0.0,,,,
2026-09-10T15:42:34.582639+00:00,1789054954.547637,64.8,27163938816,79.4,63488000,0.0,,,,
2026-09-10T15:42:35.121058+00:00,1789054955.093059,58.0,27160285184,79.4,63488000,0.0,,,,
2026-09-10T15:42:35.653118+00:00,1789054955.62612,50.5,27158810624,79.4,63488000,0.0,,,,
2026-09-10T15:42:36.185570+00:00,1789054956.153765,55.1,27162337280,79.4,63488000,0.0,,,,
2026-09-10T15:42:36.749824+00:00,1789054956.699378,52.7,27160174592,79.4,63488000,0.0,,,,
2026-09-10T15:42:37.304210+00:00,1789054957.2633467,59.1,27180953600,79.5,63488000,0.46175733840184163,,,,
2026-09-10T15:42:37.849242+00:00,1789054957.8196726,59.8,27195478016,79.5,63488000,0.0,,,,
2026-09-10T15:42:38.404355+00:00,1789054958.3657115,58.0,27204288512,79.5,63488000,0.47691965327265884,,,,
2026-09-10T15:42:38.938867+00:00,1789054958.9148097,56.9,27206332416,79.5,63488000,0.47426242047803996,,,,
2026-09-10T15:42:39.492777+00:00,1789054959.461537,61.6,27161423872,79.4,63488000,0.23815961229289678,,,,
2026-09-10T15:42:40.022400+00:00,1789054959.9977262,60.1,27161804800,79.4,63488000,0.24284022272408806,,,,
2026-09-10T15:42:40.568609+00:00,1789054960.5380356,60.2,27162034176,79.4,63488000,0.4819769054693965,,,,
2026-09-10T15:42:41.121969+00:00,1789054961.0807443,62.8,27159351296,79.4,63488000,0.4798461821198429,,,,
2026-09-10T15:42:41.650698+00:00,1789054961.6276982,51.9,27160272896,79.4,63488000,0.2380608848268588,,,,
2026-09-10T15:42:42.180519+00:00,1789054962.1555195,62.7,27191566336,79.5,63496192,0.0,,,,
2026-09-10T15:42:42.728235+00:00,1789054962.68824,55.0,27190935552,79.5,63496192,0.24442145036919813,,,,
2026-09-10T15:42:43.283848+00:00,1789054963.232667,58.8,27226660864,79.6,63496192,0.2391658623429963,,,,
2026-09-10T15:42:43.815507+00:00,1789054963.787863,53.7,27201970176,79.5,63496192,0.469053531908108,,,,
2026-09-10T15:42:44.375440+00:00,1789054964.3365786,59.9,27190497280,79.5,63496192,0.0,,,,
2026-09-10T15:42:44.891321+00:00,1789054964.877716,61.9,27183570944,79.5,63496192,0.0,,,,
2026-09-10T15:42:45.430890+00:00,1789054965.4075556,59.3,27184742400,79.5,63496192,0.0,,,,
2026-09-10T15:42:45.992200+00:00,1789054965.9436762,57.3,27190292480,79.5,63496192,0.2428713248924282,,,,
2026-09-10T15:42:46.537806+00:00,1789054966.4929779,46.8,27255513088,79.7,63963136,0.47408683161902215,,,,
2026-09-10T15:42:47.062182+00:00,1789054967.0391827,17.9,27253178368,79.7,63963136,0.0,,,,
2026-09-10T15:42:47.593198+00:00,1789054967.573146,26.1,27287609344,79.8,63963136,0.0,,,,
2026-09-10T15:42:48.124300+00:00,1789054968.1023004,12.6,27288424448,79.8,63963136,0.0,,,,
2026-09-10T15:42:48.650615+00:00,1789054968.6311018,4.0,27287166976,79.8,63963136,0.0,,,,
2026-09-10T15:42:49.174487+00:00,1789054969.158862,5.7,27269820416,79.7,63963136,0.0,,,,
2026-09-10T15:42:49.702607+00:00,1789054969.6853392,21.8,27222126592,79.6,63963136,0.0,,,,
2026-09-10T15:42:50.237218+00:00,1789054970.2173526,22.9,27221635072,79.6,63963136,0.0,,,,
2026-09-10T15:42:50.772082+00:00,1789054970.7426019,18.8,27237380096,79.6,63963136,0.0,,,,
2026-09-10T15:42:51.319216+00:00,1789054971.2937088,25.7,27246919680,79.6,63963136,0.23626691354713297,,,,
2026-09-10T15:42:51.888286+00:00,1789054971.844536,58.4,27232325632,79.6,63963136,0.0,,,,
2026-09-10T15:42:52.417002+00:00,1789054972.3923728,63.6,27263012864,79.7,63971328,0.2376772388357413,,,,
2026-09-10T15:42:52.987082+00:00,1789054972.9417815,59.0,27261308928,79.7,63971328,0.23699722890874378,,,,
2026-09-10T15:42:53.560037+00:00,1789054973.49262,65.8,27283075072,79.8,63971328,0.23638206174096313,,,,
2026-09-10T15:42:54.086975+00:00,1789054974.062393,60.5,27223867392,79.6,63971328,0.9141067952240933,,,,
2026-09-10T15:42:54.624276+00:00,1789054974.5992103,60.0,27237855232,79.6,63971328,0.48511227326056944,,,,
2026-09-10T15:42:55.170438+00:00,1789054975.1334376,57.6,27231129600,79.6,63979520,0.0,,,,
2026-09-10T15:42:55.727903+00:00,1789054975.6816683,53.1,27227013120,79.6,63979520,0.0,,,,
2026-09-10T15:42:56.272946+00:00,1789054976.2434287,53.2,27229548544,79.6,63987712,0.0,,,,
2026-09-10T15:42:56.799821+00:00,1789054976.7768817,53.7,27238109184,79.6,63987712,0.0,,,,
2026-09-10T15:42:57.384100+00:00,1789054977.3059542,59.5,27271450624,79.7,63987712,0.0,,,,
2026-09-10T15:42:57.938033+00:00,1789054977.8988492,61.8,27272028160,79.7,63987712,0.0,,,,
2026-09-10T15:42:58.469934+00:00,1789054978.446417,53.9,27280490496,79.7,63987712,0.0,,,,
2026-09-10T15:42:59.016956+00:00,1789054978.9778655,58.3,27279941632,79.7,63987712,0.0,,,,
2026-09-10T15:42:59.553201+00:00,1789054979.5173867,59.3,27246858240,79.6,63987712,0.0,,,,
2026-09-10T15:43:00.093833+00:00,1789054980.0649014,75.5,27243626496,79.6,63987712,0.0,,,,
2026-09-10T15:43:00.627558+00:00,1789054980.6108787,53.7,27259101184,79.7,63987712,0.2384866924745833,,,,
2026-09-10T15:43:01.158410+00:00,1789054981.1432846,60.4,27256217600,79.7,63995904,0.4891318625940707,,,,
2026-09-10T15:43:01.717510+00:00,1789054981.6856096,57.8,27257954304,79.7,63995904,0.24009280149495282,,,,
2026-09-10T15:43:02.252915+00:00,1789054982.2219675,66.1,27274268672,79.7,63995904,0.7282917149705198,,,,
2026-09-10T15:43:02.787469+00:00,1789054982.7572043,56.3,27277811712,79.7,63995904,0.0,,,,
2026-09-10T15:43:03.346514+00:00,1789054983.299992,53.0,27283947520,79.8,63995904,0.23988810297618499,,,,
2026-09-10T15:43:03.876347+00:00,1789054983.8477638,50.9,27283152896,79.8,64004096,0.0,,,,
2026-09-10T15:43:04.410484+00:00,1789054984.380331,53.3,27265130496,79.7,64004096,0.0,,,,
2026-09-10T15:43:04.951616+00:00,1789054984.9241033,37.7,27249254400,79.7,64290816,0.0,,,,
2026-09-10T15:43:05.481873+00:00,1789054985.4597166,19.6,27265183744,79.7,64290816,0.0,,,,
2026-09-10T15:43:06.012403+00:00,1789054985.9873264,18.0,27264507904,79.7,64290816,0.0,,,,
2026-09-10T15:43:06.537280+00:00,1789054986.5166597,21.3,27260907520,79.7,64290816,0.0,,,,
2026-09-10T15:43:07.067495+00:00,1789054987.0394938,12.6,27263610880,79.7,64290816,0.0,,,,
2026-09-10T15:43:07.600232+00:00,1789054987.578659,9.6,27314671616,79.8,64290816,0.0,,,,
2026-09-10T15:43:08.127280+00:00,1789054988.1047223,2.9,27311411200,79.8,64290816,0.0,,,,
2026-09-10T15:43:08.650226+00:00,1789054988.631222,7.5,27300155392,79.8,64290816,0.0,,,,
2026-09-10T15:43:09.177113+00:00,1789054989.1605132,6.2,27315486720,79.8,64290816,0.0,,,,
2026-09-10T15:43:09.700828+00:00,1789054989.6852026,22.8,27259232256,79.7,64290816,0.0,,,,
2026-09-10T15:43:10.255685+00:00,1789054990.2168612,58.7,27275988992,79.7,64290816,0.4898192984139768,,,,
2026-09-10T15:43:10.787211+00:00,1789054990.7567987,57.2,27264487424,79.7,64290816,0.0,,,,
2026-09-10T15:43:11.332735+00:00,1789054991.303453,57.3,27276079104,79.7,64290816,0.47638279381179216,,,,
2026-09-10T15:43:11.919535+00:00,1789054991.8616922,62.4,27294986240,79.8,64290816,0.46649654234778676,,,,
2026-09-10T15:43:12.447716+00:00,1789054992.421858,66.7,27328368640,79.9,64290816,0.23244602624267965,,,,
2026-09-10T15:43:12.986558+00:00,1789054992.955461,57.1,27328331776,79.9,64290816,0.0,,,,
2026-09-10T15:43:13.522072+00:00,1789054993.487011,60.8,27327533056,79.9,64290816,0.24495974102205506,,,,
2026-09-10T15:43:14.078444+00:00,1789054994.036949,56.7,27298004992,79.8,64290816,0.23676913029975774,,,,
2026-09-10T15:43:14.611433+00:00,1789054994.5836964,55.3,27316879360,79.9,64290816,0.0,,,,
2026-09-10T15:43:15.152810+00:00,1789054995.1189952,63.5,27311239168,79.8,64290816,0.2432441982309567,,,,
2026-09-10T15:43:15.706111+00:00,1789054995.6645837,56.3,27310678016,79.8,64290816,0.0,,,,
2026-09-10T15:43:16.243679+00:00,1789054996.213682,54.0,27311067136,79.8,64290816,0.0,,,,
2026-09-10T15:43:16.772158+00:00,1789054996.7441585,62.1,27310583808,79.8,64290816,0.0,,,,
2026-09-10T15:43:17.356098+00:00,1789054997.2862551,68.0,27334475776,79.9,64290816,0.24019396131505022,,,,
2026-09-10T15:43:17.905734+00:00,1789054997.8673885,73.9,27309752320,79.8,64290816,0.0,,,,
2026-09-10T15:43:18.448537+00:00,1789054998.412885,68.7,27321065472,79.9,64290816,0.23869693385746424,,,,
2026-09-10T15:43:18.996723+00:00,1789054998.9625936,72.6,27323932672,79.9,64290816,0.236867919100006,,,,
2026-09-10T15:43:19.531195+00:00,1789054999.4975421,67.9,27284733952,79.8,64258048,0.48680690591930637,,,,
2026-09-10T15:43:20.089521+00:00,1789055000.0453367,76.7,27269226496,79.7,64258048,0.47539109723973433,,,,
2026-09-10T15:43:20.632419+00:00,1789055000.5928054,67.6,27284094976,79.8,64258048,0.0,,,,
2026-09-10T15:43:21.172591+00:00,1789055001.13632,69.8,27288768512,79.8,64258048,0.0,,,,
2026-09-10T15:43:21.701751+00:00,1789055001.6868346,65.1,27287334912,79.8,64258048,0.4730423735848103,,,,
2026-09-10T15:43:22.251498+00:00,1789055002.2214708,61.3,27362017280,80.0,64516096,0.4870912929012479,,,,
2026-09-10T15:43:22.771259+00:00,1789055002.7564569,26.2,27364900864,80.0,64516096,0.0,,,,
2026-09-10T15:43:23.318304+00:00,1789055003.2927644,24.0,27370123264,80.0,64516096,0.0,,,,
2026-09-10T15:43:23.854188+00:00,1789055003.828188,18.0,27371741184,80.0,64516096,0.0,,,,
2026-09-10T15:43:24.387206+00:00,1789055004.3622062,15.8,27356430336,80.0,64516096,0.0,,,,
2026-09-10T15:43:24.924356+00:00,1789055004.8989475,10.1,27359281152,80.0,64516096,0.0,,,,
2026-09-10T15:43:25.451921+00:00,1789055005.4259207,20.3,27349164032,79.9,64516096,0.0,,,,
2026-09-10T15:43:25.981159+00:00,1789055005.9556398,13.5,27324010496,79.9,64516096,0.0,,,,
2026-09-10T15:43:26.505235+00:00,1789055006.485247,3.0,27340673024,79.9,64516096,0.0,,,,
2026-09-10T15:43:27.026349+00:00,1789055007.006258,17.0,27342516224,79.9,64516096,0.0,,,,
2026-09-10T15:43:27.559729+00:00,1789055007.5318303,79.3,27472347136,80.3,64516096,0.0,,,,
2026-09-10T15:43:28.086686+00:00,1789055008.06155,61.0,27373817856,80.0,64516096,0.4916123002093643,,,,
2026-09-10T15:43:28.649616+00:00,1789055008.6155744,57.3,27387154432,80.1,64516096,0.23502271690219861,,,,
2026-09-10T15:43:29.188204+00:00,1789055009.1712937,57.2,27388850176,80.1,64516096,0.4686118175754601,,,,
2026-09-10T15:43:29.741438+00:00,1789055009.7160912,62.6,27348881408,79.9,64516096,0.0,,,,
2026-09-10T15:43:30.310274+00:00,1789055010.2485275,71.0,27341975552,79.9,64516096,0.0,,,,
2026-09-10T15:43:30.826402+00:00,1789055010.8132586,81.6,27348533248,79.9,64516096,0.0,,,,
2026-09-10T15:43:31.438111+00:00,1789055011.3687923,80.9,27507798016,80.4,64516096,0.23438424280971545,,,,
2026-09-10T15:43:31.998318+00:00,1789055011.9415603,81.3,27515539456,80.4,64516096,0.0,,,,
2026-09-10T15:43:32.599970+00:00,1789055012.501299,94.6,27557900288,80.6,64516096,0.0,,,,
2026-09-10T15:43:33.168117+00:00,1789055013.104841,88.1,27592134656,80.7,64516096,0.0,,,,
2026-09-10T15:43:33.758006+00:00,1789055013.6961799,84.9,27568033792,80.6,64516096,0.0,,,,
2026-09-10T15:43:34.309157+00:00,1789055014.2667043,59.4,27522691072,80.5,64516096,0.0,,,,
2026-09-10T15:43:34.856195+00:00,1789055014.811159,67.6,27523375104,80.5,64516096,0.0,,,,
2026-09-10T15:43:35.428121+00:00,1789055015.371516,66.9,27545899008,80.5,64516096,0.0,,,,
2026-09-10T15:43:35.987191+00:00,1789055015.9431906,70.4,27522199552,80.5,64516096,0.0,,,,
2026-09-10T15:43:36.524220+00:00,1789055016.4912205,56.2,27529818112,80.5,64516096,0.0,,,,
2026-09-10T15:43:37.071284+00:00,1789055017.028284,66.8,27378077696,80.0,64516096,0.0,,,,
2026-09-10T15:43:37.615432+00:00,1789055017.5874317,69.5,27413991424,80.1,64516096,0.0,,,,
2026-09-10T15:43:38.148935+00:00,1789055018.1183646,57.9,27393978368,80.1,64516096,0.0,,,,
2026-09-10T15:43:38.680409+00:00,1789055018.6528275,53.7,27410853888,80.1,64516096,0.0,,,,
2026-09-10T15:43:39.209352+00:00,1789055019.1868033,58.0,27411099648,80.1,64516096,0.0,,,,
2026-09-10T15:43:39.736334+00:00,1789055019.7123344,60.4,27373527040,80.0,64516096,0.0,,,,
2026-09-10T15:43:40.285113+00:00,1789055020.244765,63.8,27385036800,80.1,64516096,0.0,,,,
2026-09-10T15:43:40.823796+00:00,1789055020.7927501,60.0,27392274432,80.1,64516096,0.0,,,,
2026-09-10T15:43:41.362878+00:00,1789055021.3348744,59.1,27391107072,80.1,64516096,0.0,,,,
2026-09-10T15:43:41.942187+00:00,1789055021.8763766,72.6,27396734976,80.1,64516096,0.24045760914631237,,,,
2026-09-10T15:43:42.474721+00:00,1789055022.4457498,61.4,27420319744,80.2,64516096,0.4573743518622428,,,,
2026-09-10T15:43:43.031270+00:00,1789055022.98878,60.7,27417886720,80.1,64516096,0.2397809891024341,,,,
