channel_id,spacecraft,train_points,test_points,metadata_num_values,length_matches_metadata,labeled_events,event_hits,event_recall,predicted_points,max_score,scale,scale_source,precision,recall,f1,true_positives,false_positives,false_negatives
P-1,SMAP,2872,8505,8505,True,3,3,1.0,338,5.215092587351623,0.30198724362448276,mad,0.0650887573964497,0.02929427430093209,0.04040404040404041,22,316,729
S-1,SMAP,2818,7331,7331,True,1,1,1.0,2011,41.64470028702519,0.03247610519413835,mad,0.14917951268025859,0.6696428571428571,0.2440016266775112,300,1711,148
E-1,SMAP,2880,8516,8516,True,2,0,0.0,0,2.4699655883309632,0.8097278801974992,std-fallback,0.0,0.0,0.0,0,0,508
E-2,SMAP,2880,8532,8532,True,1,1,1.0,174,4.129887301152511,0.3965306381636612,mad,1.0,0.12446351931330472,0.2213740458015267,174,0,1224
E-3,SMAP,2880,8307,8307,True,1,0,0.0,0,2.201689088611052,0.4933591935409094,mad,0.0,0.0,0.0,0,0,3213
E-4,SMAP,2880,8354,8354,True,1,0,0.0,3,3.6870772487896772,0.4153737668056239,mad,0.0,0.0,0.0,0,3,2812
E-5,SMAP,2880,8294,8294,True,1,0,0.0,0,2.469965588330963,0.8097278801974994,std-fallback,0.0,0.0,0.0,0,0,321
E-6,SMAP,2880,8300,8300,True,1,1,1.0,12,596.0900015495833,0.0033384220416830287,std-fallback,1.0,0.18181818181818182,0.3076923076923077,12,0,54
E-7,SMAP,2769,8310,8310,True,1,1,1.0,45,46.05416253069418,0.043427127757822974,std-fallback,0.8666666666666667,0.1387900355871886,0.2392638036809816,39,6,242
E-8,SMAP,2880,8532,8532,True,1,0,0.0,0,2.617269019430291,0.5338614134220052,mad,0.0,0.0,0.0,0,0,623
E-9,SMAP,2880,8302,8302,True,1,0,0.0,0,1.9900556824448317,0.5979258600468242,mad,0.0,0.0,0.0,0,0,351
E-10,SMAP,2880,8505,8505,True,2,0,0.0,0,2.4742609708917094,0.8083221711569138,std-fallback,0.0,0.0,0.0,0,0,322
E-11,SMAP,2880,8514,8514,True,2,0,0.0,0,2.4729751931315036,0.8087424433349932,std-fallback,0.0,0.0,0.0,0,0,295
E-12,SMAP,2880,8512,8512,True,2,0,0.0,0,2.469965588330963,0.8097278801974994,std-fallback,0.0,0.0,0.0,0,0,583
E-13,SMAP,2880,8640,8640,True,3,3,1.0,1584,19.68841871535891,0.09413029384804036,mad,0.034722222222222224,0.20833333333333334,0.05952380952380953,55,1529,209
A-1,SMAP,2880,8640,8640,True,1,1,1.0,8640,1348325500.0,1.4825796886582654e-09,epsilon-floor,0.009837962962962963,1.0,0.019484240687679084,85,8555,0
D-1,SMAP,2849,8509,8509,True,1,1,1.0,2902,22.936204275534426,0.07802075611564127,mad,1.0,0.8904571954587297,0.9420548612238273,2902,0,357
P-2,SMAP,2821,8209,8209,True,1,1,1.0,626,59.35659268335562,0.03294589364166382,mad,0.8785942492012779,0.44861337683523655,0.593952483801296,550,76,676
P-3,SMAP,2855,8493,8493,True,1,1,1.0,219,7.756815907756881,0.16472973515764675,mad,1.0,0.16392215568862276,0.28167202572347266,219,0,1117
D-2,SMAP,2880,8595,8595,True,1,1,1.0,3805,1349000000.0,1.4825796886582654e-09,epsilon-floor,1.0,0.9020862968231389,0.948522996385392,3805,0,413
D-3,SMAP,2880,8640,8640,True,1,1,1.0,3318,176.55551158661484,0.011242254011351791,mad,0.9581072935503315,0.9703907203907204,0.9642098877767667,3179,139,97
D-4,SMAP,2833,8473,8473,True,1,1,1.0,3232,156.37158333333753,0.01270782590278479,mad,1.0,0.9950738916256158,0.9975308641975309,3232,0,16
A-2,SMAP,2648,7914,7914,True,1,0,0.0,0,1.0963257374945878,0.9345665451421311,mad,0.0,0.0,0.0,0,0,111
A-3,SMAP,2736,8205,8205,True,1,0,0.0,0,1.7041367968362313,0.6471597582153672,mad,0.0,0.0,0.0,0,0,186
A-4,SMAP,2690,8080,8080,True,1,0,0.0,0,2.3552432333894493,0.42657224655624665,mad,0.0,0.0,0.0,0,0,111
G-1,SMAP,2820,8469,8469,True,1,0,0.0,0,1.914966395684664,0.5873629289667776,mad,0.0,0.0,0.0,0,0,121
G-2,SMAP,2478,7361,7361,True,1,1,1.0,1,1349000000.0,1.4825796886582654e-09,epsilon-floor,1.0,0.024390243902439025,0.047619047619047616,1,0,40
D-5,SMAP,2561,7628,7628,True,1,1,1.0,7624,7102.59741666829,0.00028150247252998605,mad,0.006164742917103882,0.9215686274509803,0.01224755700325733,47,7577,4
D-6,SMAP,2594,7884,7884,True,1,0,0.0,0,2.116534482758621,0.5180097707360203,mad,0.0,0.0,0.0,0,0,81
D-7,SMAP,2583,7642,7642,True,1,1,1.0,2604,1349000000.0,1.4825796886582654e-09,epsilon-floor,1.0,0.9637305699481865,0.9815303430079156,2604,0,98
F-1,SMAP,2869,8584,8584,True,1,1,1.0,2047,90.04767035253145,0.014621841974251848,mad,0.010258915486077186,0.2079207920792079,0.019553072625698324,21,2026,80
P-4,SMAP,2609,7783,7783,True,3,3,1.0,15,1349000000.0,1.4825796886582654e-09,epsilon-floor,1.0,0.033860045146726865,0.06550218340611355,15,0,428
G-3,SMAP,2624,7907,7907,True,1,1,1.0,1,12.845471379802502,0.15569689432687442,std-fallback,1.0,0.0196078431372549,0.038461538461538464,1,0,50
T-1,SMAP,2875,8612,8612,True,2,2,1.0,2407,20.118751127285044,0.09420531709641629,mad,0.16285832987120896,0.2552083333333333,0.19883337560233325,392,2015,1144
T-2,SMAP,2855,8625,8625,True,1,1,1.0,2454,21.256283441096926,0.08930546652492435,mad,0.19030154849225753,0.261624649859944,0.22033498466619486,467,1987,1318
D-8,SMAP,2602,7874,7874,True,1,1,1.0,1,1349000000.0,1.4825796886582654e-09,epsilon-floor,1.0,0.0196078431372549,0.038461538461538464,1,0,50
D-9,SMAP,2583,7406,7406,True,1,1,1.0,914,1349000000.0,1.4825796886582654e-09,epsilon-floor,1.0,0.7906574394463668,0.8830917874396136,914,0,242
F-2,SMAP,2861,8626,8626,True,1,1,1.0,2629,106.08718793595035,0.01429686589872086,mad,0.7166222898440472,0.6371322286100778,0.6745435016111708,1884,745,1073
G-4,SMAP,2551,7632,7632,True,1,1,1.0,2,225.7408982258262,0.008859714901990176,std-fallback,1.0,0.06451612903225806,0.12121212121212122,2,0,29
T-3,SMAP,2876,8579,8579,True,2,2,1.0,2,93.44703234773077,0.021194928191017266,mad,1.0,0.010869565217391304,0.02150537634408602,2,0,182
D-11,SMAP,2611,7431,7431,True,1,0,0.0,0,2.6979999999999964,0.494193229552756,mad,0.0,0.0,0.0,0,0,61
D-12,SMAP,312,7918,7918,True,1,1,1.0,2578,1349000000.0,1.4825796886582654e-09,epsilon-floor,1.0,0.9408759124087591,0.9695374200827379,2578,0,162
B-1,SMAP,2435,8044,8044,True,1,1,1.0,2967,1349000000.0,1.4825796886582654e-09,epsilon-floor,0.01820020222446916,0.7605633802816901,0.03554970375246873,54,2913,17
G-6,SMAP,2881,8640,8640,True,1,0,0.0,0,1.3485572598437936,0.7418776367006245,mad,0.0,0.0,0.0,0,0,101
G-7,SMAP,2446,8029,8029,True,3,3,1.0,150,11.358697639969687,0.17607652421015912,std-fallback,0.6333333333333333,0.35447761194029853,0.45454545454545453,95,55,173
P-7,SMAP,2853,8071,8071,True,1,0,0.0,1,3.6423395446549107,0.2906991149105408,mad,0.0,0.0,0.0,0,1,1651
R-1,SMAP,2874,7244,7244,True,1,1,1.0,7244,1348325500.0,1.4825796886582654e-09,epsilon-floor,0.011181667586968525,1.0,0.0221160409556314,81,7163,0
A-5,SMAP,705,4693,4693,True,1,1,1.0,4693,41812.92950000924,4.7825151247030244e-05,mad,0.010867249094395908,1.0,0.021500843170320402,51,4642,0
A-6,SMAP,682,4453,4453,True,1,1,1.0,1922,8.309806117595384,0.22652188445055585,std-fallback,0.01664932362122789,0.7804878048780488,0.03260315843097301,32,1890,9
A-7,SMAP,2879,8631,8631,True,1,0,0.0,0,2.7007424870187364,0.4630631258323005,mad,0.0,0.0,0.0,0,0,2401
D-13,SMAP,1490,7663,7663,True,1,1,1.0,2571,1349000000.0,1.4825796886582654e-09,epsilon-floor,0.054064566316608324,0.8633540372670807,0.10175695461200586,139,2432,22
P-2,SMAP,2821,8209,8209,True,1,1,1.0,626,59.35659268335562,0.03294589364166382,mad,0.8674121405750799,0.48438893844781444,0.6216370921579851,543,83,578
A-8,SMAP,762,8375,8375,True,1,1,1.0,8039,11991.928248832324,0.00016676686788217105,mad,0.43164572708048266,0.9117183394640042,0.585901224145209,3470,4569,336
A-9,SMAP,762,8434,8434,True,1,1,1.0,8405,130.00784645156975,0.015273336146741508,mad,0.4598453301606187,1.0,0.6299918500407498,3865,4540,0
F-3,SMAP,2880,8376,8376,True,1,0,0.0,0,1.3480479226213218,0.7418133904734805,mad,0.0,0.0,0.0,0,0,41
M-6,MSL,1565,2049,2049,True,1,1,1.0,1039,174768418918.91708,1.4825796886582654e-09,epsilon-floor,0.17420596727622714,1.0,0.29672131147540987,181,858,0
M-1,MSL,2209,2277,2277,True,1,1,1.0,461,5.132153988868269,0.35760277430753323,mad,0.05856832971800434,0.02366345311130587,0.033707865168539325,27,434,1114
M-2,MSL,2208,2277,2277,True,1,1,1.0,935,9.895124541617687,0.22601773357218527,mad,0.774331550802139,0.6345311130587205,0.697495183044316,724,211,417
S-2,MSL,926,1827,1827,True,1,1,1.0,3,1349000000.0,1.4825796886582654e-09,epsilon-floor,1.0,0.2727272727272727,0.42857142857142855,3,0,8
P-10,MSL,4308,6100,6100,True,1,1,1.0,1485,1587.3233333324524,0.0012558913076315863,mad,0.07003367003367003,0.7938931297709924,0.12871287128712872,104,1381,27
T-4,MSL,2272,2217,2217,True,1,1,1.0,4,4.003726250284014,0.49953465221507715,std-fallback,1.0,0.057971014492753624,0.1095890410958904,4,0,65
T-5,MSL,2272,2218,2218,True,1,1,1.0,5,1349000000.0,1.4825796886582654e-09,epsilon-floor,1.0,0.19230769230769232,0.32258064516129037,5,0,21
F-7,MSL,2511,5054,5054,True,3,3,1.0,1219,17.874250000000007,0.10589854918987605,mad,0.17883511074651354,0.5153664302600472,0.26552984165651644,218,1001,205
M-3,MSL,2037,2127,2127,True,1,1,1.0,1165,66438.58725014095,3.6488487237379295e-05,mad,0.1742489270386266,0.8087649402390438,0.2867231638418079,203,962,48
M-4,MSL,2076,2038,2038,True,1,1,1.0,1074,71829.02262488173,3.2457904167539604e-05,mad,0.2132216014897579,0.9123505976095617,0.34566037735849053,229,845,22
M-5,MSL,2032,2303,2303,True,1,1,1.0,1007,24.245277822257798,0.08641631212977981,mad,0.2214498510427011,0.7408637873754153,0.3409785932721713,223,784,78
P-15,MSL,3682,2856,2856,True,1,1,1.0,1580,50.696144295301885,0.03843486274207604,mad,0.008860759493670886,0.6666666666666666,0.017489069331667707,14,1566,7
C-1,MSL,2158,2264,2264,True,2,1,0.5,228,7.542136363636361,0.24169980883742398,mad,0.21929824561403508,0.16025641025641027,0.18518518518518517,50,178,262
C-2,MSL,764,2051,2051,True,2,2,1.0,1583,1348999999.9999998,1.4825796886582654e-09,epsilon-floor,0.08022741629816804,0.927007299270073,0.14767441860465116,127,1456,10
T-12,MSL,1145,2430,2430,True,1,0,0.0,0,2.9275202329859003,0.3966516255405584,mad,0.0,0.0,0.0,0,0,121
T-13,MSL,1145,2430,2430,True,2,0,0.0,0,2.6786805030145717,0.46715684667807805,mad,0.0,0.0,0.0,0,0,252
F-4,MSL,2244,3422,3422,True,1,1,1.0,428,6.527183175033923,0.3366566471915705,mad,0.11448598130841121,0.6901408450704225,0.1963927855711423,49,379,22
F-5,MSL,2598,3922,3922,True,1,1,1.0,731,28.638394542772886,0.26364132048305,mad,0.11627906976744186,0.5629139072847682,0.1927437641723356,85,646,66
D-14,MSL,3675,2625,2625,True,2,2,1.0,186,1349000000.0,1.4825796886582654e-09,epsilon-floor,1.0,0.8378378378378378,0.911764705882353,186,0,36
T-9,MSL,439,1096,1096,True,2,2,1.0,24,6.596492757325905,0.20212829659418824,std-fallback,0.8333333333333334,0.17857142857142858,0.29411764705882354,20,4,92
P-14,MSL,2880,6100,6100,True,1,1,1.0,6100,24275.929499986505,8.236553825883831e-05,mad,0.029672131147540984,1.0,0.05763413469192804,181,5919,0
T-8,MSL,748,1519,1519,True,2,2,1.0,25,10.802744649149142,0.18695321501432743,std-fallback,0.24,0.058823529411764705,0.09448818897637794,6,19,96
P-11,MSL,3969,3535,3535,True,2,2,1.0,308,24.224232207478806,0.07811730142038999,mad,0.41883116883116883,0.5657894736842105,0.4813432835820895,129,179,99
D-15,MSL,2074,2158,2158,True,1,1,1.0,295,18.768506451612865,0.1063395889597555,mad,0.33220338983050846,0.15288611544461778,0.20940170940170938,98,197,543
D-16,MSL,1451,2191,2191,True,1,0,0.0,0,2.412330878329411,0.829073663968121,std-fallback,0.0,0.0,0.0,0,0,651
M-7,MSL,1587,2156,2156,True,1,1,1.0,56,17.06147880530448,0.11717017047063638,std-fallback,0.8928571428571429,0.49504950495049505,0.6369426751592357,50,6,51
F-8,MSL,3342,2487,2487,True,1,1,1.0,40,4.671577257518455,0.4932697671601877,std-fallback,0.75,0.055865921787709494,0.10398613518197572,30,10,507
